cohort,component,available_cases,available_students,repeated_cases,probability_repeat_course,probability_positive_repeat_credits
all,failed,37351,7723,23320,0.6243474070306015,0.6234371235040561
all,withdrawn,32112,6211,12587,0.3919718485301445,0.3918784255107125
failed_available,failed,37351,7723,23320,0.6243474070306015,0.6234371235040561
failed_available,withdrawn,18198,4317,6677,0.3669084514781844,0.36679854929113087
withdrawn_available,failed,18198,4317,11499,0.6318826244642268,0.6310034069677987
withdrawn_available,withdrawn,32112,6211,12587,0.3919718485301445,0.3918784255107125
both_available,failed,18198,4317,11499,0.6318826244642268,0.6310034069677987
both_available,withdrawn,18198,4317,6677,0.3669084514781844,0.36679854929113087
policy_reference_any,failed,16261,5655,10237,0.6295430785314556,0.628620626037759
policy_reference_any,withdrawn,15475,4779,7039,0.4548626817447496,0.4547334410339257
policy_reference_both,failed,8201,3129,5248,0.6399219607364955,0.6391903426411413
policy_reference_both,withdrawn,8201,3129,3696,0.4506767467382027,0.45055481038897693
