grade_id,grade_version_id,grade_name_sl,version_title_sl,version_number,from_percent,to_percent,points,finish_status,grade_show,active
673.111,2.111,شرف,القرار الوزاري الموحد,2,98,100,4.0,P,A+,A
999.111,1.111,,تأسيس الجامعة,1,0,0,0.0,,,A
974.111,3.111,شرف,القرار رقم 230,230,98,100,4.0,P,A+,A
975.111,3.111,شرف,القرار رقم 230,230,95,97,3.75,P,A,A
85.111,1.111,ممتاز,تأسيس الجامعة,1,90,100,4.0,P,A,A
674.111,2.111,شرف,القرار الوزاري الموحد,2,95,97,3.75,P,A,A
675.111,2.111,امتياز,القرار الوزاري الموحد,2,90,94,3.5,P,A-,A
86.111,1.111,ممتاز,تأسيس الجامعة,1,87,89,3.7,P,A-,A
976.111,3.111,امتياز,القرار رقم 230,230,90,94,3.5,P,A-,A
87.111,1.111,جيد جداً,تأسيس الجامعة,1,82,86,3.3,P,B+,A
977.111,3.111,امتياز,القرار رقم 230,230,85,89,3.25,P,B+,A
676.111,2.111,امتياز,القرار الوزاري الموحد,2,85,89,3.25,P,B+,A
978.111,3.111,جيد جداً,القرار رقم 230,230,80,84,3.0,P,B,A
677.111,2.111,جيد جداً,القرار الوزاري الموحد,2,80,84,3.0,P,B,A
88.111,1.111,جيد جداً,تأسيس الجامعة,1,80,81,3.0,P,B,A
89.111,1.111,جيد جداً,تأسيس الجامعة,1,77,79,2.7,P,B-,A
678.111,2.111,جيد جداً,القرار الوزاري الموحد,2,75,79,2.75,P,B-,A
979.111,3.111,جيد جداً,القرار رقم 230,230,75,79,2.75,P,B-,A
679.111,2.111,جيد,القرار الوزاري الموحد,2,70,74,2.5,P,C+,A
90.111,1.111,جيد,تأسيس الجامعة,1,73,76,2.3,P,C+,A
980.111,3.111,جيد,القرار رقم 230,230,70,74,2.5,P,C+,A
91.111,1.111,جيد,تأسيس الجامعة,1,70,72,2.0,P,C,A
981.111,3.111,جيد,القرار رقم 230,230,65,69,2.25,P,C,A
680.111,2.111,جيد,القرار الوزاري الموحد,2,65,69,2.25,P,C,A
92.111,1.111,جيد,تأسيس الجامعة,1,67,69,1.7,P,C-,A
681.111,2.111,مقبول,القرار الوزاري الموحد,2,60,64,2.0,P,C-,A
982.111,3.111,مقبول,القرار رقم 230,230,60,64,2.0,P,C-,A
983.111,3.111,نجاح شرطي,القرار رقم 230,230,55,59,1.75,P,D+,A
682.111,2.111,نجاح شرطي,القرار الوزاري الموحد,2,55,59,1.75,P,D+,A
1000.111,1.111,,تأسيس الجامعة,1,0,0,0.0,,,A
984.111,3.111,نجاح شرطي,القرار رقم 230,230,50,54,1.5,P,D,A
93.111,1.111,مقبول,تأسيس الجامعة,1,60,66,1.0,P,D,A
683.111,2.111,نجاح شرطي,القرار الوزاري الموحد,2,50,54,1.5,P,D,A
985.111,3.111,رسوب,القرار رقم 230,230,0,49,0.0,F,F,A
684.111,2.111,رسوب,القرار الوزاري الموحد,2,0,49,0.0,F,F,A
94.111,1.111,رسوب,تأسيس الجامعة,1,0,59,0.0,F,F,A
95.111,1.111,منسحب,تأسيس الجامعة,1,0,0,0.0,W,W,A
685.111,2.111,منسحب,القرار الوزاري الموحد,2,0,0,0.0,W,W,A
986.111,3.111,منسحب,القرار رقم 230,230,0,0,0.0,W,W,A
686.111,2.111,محروم بالغياب,القرار الوزاري الموحد,2,0,0,0.0,FA,Z,A
987.111,3.111,محروم بالغياب,القرار رقم 230,230,0,0,0.0,FA,Z,A
96.111,1.111,محروم بالغياب,تأسيس الجامعة,1,0,0,0.0,FA,Z,A
97.111,1.111,غير مكتمل,تأسيس الجامعة,1,0,0,0.0,I,I,A
687.111,2.111,غير مكتمل,القرار الوزاري الموحد,2,0,0,0.0,I,I,A
988.111,3.111,غير مكتمل,القرار رقم 230,230,0,0,0.0,I,I,A
98.111,1.111,معادل,تأسيس الجامعة,1,0,0,0.0,T,P,A
688.111,2.111,معادل,القرار الوزاري الموحد,2,0,0,0.0,T,P,A
989.111,3.111,معادل,القرار رقم 230,230,0,0,0.0,T,P,A
962.111,1.111,قيد الانجاز,تأسيس الجامعة,1,0,0,0.0,IP,I,A
990.111,3.111,قيد الانجاز,القرار رقم 230,230,0,0,0.0,IP,I,A
969.111,2.111,قيد الانجاز,القرار الوزاري الموحد,2,0,0,0.0,IP,I,A
996.111,2.111,,القرار الوزاري الموحد,2,0,0,0.0,,F,A
993.111,3.111,,القرار رقم 230,230,0,0,0.0,,F,A
1001.111,1.111,,تأسيس الجامعة,1,0,0,0.0,,,A
991.111,3.111,محروم,القرار رقم 230,230,0,0,0.0,D,Z,A
970.111,1.111,محروم,تأسيس الجامعة,1,0,0,0.0,D,Z,A
971.111,2.111,محروم,القرار الوزاري الموحد,2,0,0,0.0,D,Z,A
972.111,1.111,,تأسيس الجامعة,1,0,0,0.0,,,A
973.111,2.111,محروم من الامتحان,القرار الوزاري الموحد,2,0,0,0.0,Z,Z,A
992.111,3.111,محروم من الامتحان,القرار رقم 230,230,0,0,0.0,Z,Z,A
997.111,2.111,تدريب سريري علامته من علامة الامتحان الوطني,القرار الوزاري الموحد,2,0,0,0.0,ST,تدريب سريري,A
994.111,3.111,تدريب سريري علامته من علامة الامتحان الوطني,القرار رقم 230,230,0,0,0.0,ST,تدريب سريري,A
1002.111,1.111,تدريب سريري علامته من علامة الامتحان الوطني,تأسيس الجامعة,1,0,0,0.0,ST,تدريب سريري,A
995.111,3.111,راسب امتحان نهائي,القرار رقم 230,230,0,0,0.0,FE,F,A
998.111,2.111,راسب امتحان نهائي,القرار الوزاري الموحد,2,0,0,0.0,FE,F,A
1003.111,1.111,راسب امتحان نهائي,تأسيس الجامعة,1,0,0,0.0,FE,F,A
1008.111,1.111,,تأسيس الجامعة,1,0,0,0.0,X,X,A
1004.111,3.111,,القرار رقم 230,230,0,0,0.0,X,X,A
1006.111,2.111,,القرار الوزاري الموحد,2,0,0,0.0,X,X,A
1007.111,2.111,,القرار الوزاري الموحد,2,0,0,0.0,L,L,A
1009.111,1.111,,تأسيس الجامعة,1,0,0,0.0,L,L,A
1005.111,3.111,,القرار رقم 230,230,0,0,0.0,L,L,A
