cohort,metric,sample_count,missing_count,mean,std,min,max,zero_percentage,p10,p25,median,p75,p90,p95
"all/load=(12,15]",available_failed_credits,15075,0,2.600398009950249,4.1927630683756565,0.0,58.0,56.26533996683251,0.0,0.0,0.0,4.0,8.0,11.0
"all/load=(12,15]",available_withdrawn_credits,15075,0,2.1772139303482585,4.114088150152191,0.0,77.5,62.315091210613595,0.0,0.0,0.0,3.0,7.0,11.0
"all/load=(12,15]",registered_failed_retake_credits,15075,0,1.5429850746268656,2.7029736310752335,0.0,15.0,67.21061359867329,0.0,0.0,0.0,3.0,6.0,8.0
"all/load=(12,15]",registered_withdrawn_retake_credits,15075,0,0.6989054726368159,1.841014596523651,0.0,15.0,82.32172470978442,0.0,0.0,0.0,0.0,3.0,4.0
"all/load=(12,15]",registered_new_credits,15075,0,11.114991708126036,4.578074291821668,0.0,15.0,6.2354892205638475,3.0,9.0,13.0,15.0,15.0,15.0
"all/load=(12,15]",registered_other_previous_credits,15075,0,0.9147927031509121,2.2556270389130577,0.0,15.0,81.1077943615257,0.0,0.0,0.0,0.0,4.0,6.0
"all/load=(12,15]",semester_total_registered_credits,15075,0,14.27167495854063,0.7916115710045794,12.5,15.0,0.0,13.0,14.0,14.0,15.0,15.0,15.0
"all/load=(12,15]",failed_retake_ratio,15075,0,0.10988318238801455,0.19347117087755136,0.0,1.0,67.21061359867329,0.0,0.0,0.0,0.2,0.4,0.5384615384615384
"all/load=(12,15]",withdrawn_retake_ratio,15075,0,0.049570448851835015,0.13103565862584327,0.0,1.0,82.32172470978442,0.0,0.0,0.0,0.0,0.2,0.2857142857142857
"all/load=(12,15]",previously_attempted_ratio,15075,0,0.15945363123984954,0.23372966333611764,0.0,1.0,56.94195688225538,0.0,0.0,0.0,0.2307692307692307,0.5333333333333333,0.6428571428571429
"all/load=(12,15]",new_credit_ratio,15075,0,0.774866968755137,0.3133683616588877,0.0,1.0,6.2354892205638475,0.2307692307692307,0.6,1.0,1.0,1.0,1.0
"all/load=(12,15]",other_previous_ratio,15075,0,0.06567940000501331,0.16194886276908615,0.0,1.0,81.1077943615257,0.0,0.0,0.0,0.0,0.2666666666666666,0.4285714285714285
"all/load=(12,15]",failed_backlog_consumption_ratio,6593,8482,0.622581232092159,0.42396571716553355,0.0,1.0,25.02654330350372,0.0,0.0,0.8333333333333334,1.0,1.0,1.0
"all/load=(12,15]",withdrawn_backlog_consumption_ratio,5681,9394,0.32463205599832,0.4021975176532488,0.0,1.0,53.08924485125858,0.0,0.0,0.0,0.6,1.0,1.0
"all/load=(15,18]",available_failed_credits,35831,0,1.640646367670453,3.244312581406985,0.0,43.0,67.42764645139684,0.0,0.0,0.0,3.0,6.0,8.0
"all/load=(15,18]",available_withdrawn_credits,35831,0,1.5478496274175992,3.2046649633927067,0.0,42.5,68.9486757277218,0.0,0.0,0.0,2.0,5.0,8.0
"all/load=(15,18]",registered_failed_retake_credits,35831,0,0.7927074321118585,1.8885762338959728,0.0,18.0,80.12056599034356,0.0,0.0,0.0,0.0,3.0,5.0
"all/load=(15,18]",registered_withdrawn_retake_credits,35831,0,0.5201222405179872,1.592216028093187,0.0,18.0,86.32469091010577,0.0,0.0,0.0,0.0,3.0,3.0
"all/load=(15,18]",registered_new_credits,35831,0,15.760807680500125,2.9972415089099984,0.0,18.0,0.3572325639809104,12.0,15.0,17.0,18.0,18.0,18.0
"all/load=(15,18]",registered_other_previous_credits,35831,0,0.19268231419720355,1.0546300413981384,0.0,18.0,95.22201445675532,0.0,0.0,0.0,0.0,0.0,0.0
"all/load=(15,18]",semester_total_registered_credits,35831,0,17.266319667327174,0.7599354852850568,15.5,18.0,0.0,16.0,17.0,17.0,18.0,18.0,18.0
"all/load=(15,18]",failed_retake_ratio,35831,0,0.04607113243638609,0.11015506067211171,0.0,1.0,80.12056599034356,0.0,0.0,0.0,0.0,0.1764705882352941,0.2777777777777778
"all/load=(15,18]",withdrawn_retake_ratio,35831,0,0.030239453957098487,0.0927593986202109,0.0,1.0,86.32469091010577,0.0,0.0,0.0,0.0,0.1666666666666666,0.1875
"all/load=(15,18]",previously_attempted_ratio,35831,0,0.07631058639348458,0.14847276692194142,0.0,1.0,70.8715916385253,0.0,0.0,0.0,0.1176470588235294,0.2777777777777778,0.3888888888888889
"all/load=(15,18]",new_credit_ratio,35831,0,0.912370456138808,0.16811841599335542,0.0,1.0,0.3572325639809104,0.6774193548387096,0.8333333333333334,1.0,1.0,1.0,1.0
"all/load=(15,18]",other_previous_ratio,35831,0,0.011318957467707395,0.06214008304645254,0.0,1.0,95.22201445675532,0.0,0.0,0.0,0.0,0.0,0.0
"all/load=(15,18]",failed_backlog_consumption_ratio,11671,24160,0.49943932487748843,0.44934905661590663,0.0,1.0,38.968383171964696,0.0,0.0,0.5,1.0,1.0,1.0
"all/load=(15,18]",withdrawn_backlog_consumption_ratio,11126,24705,0.3214603280922128,0.4097587126114215,0.0,1.0,55.95901492000719,0.0,0.0,0.0,0.6666666666666666,1.0,1.0
all/load=<=12,available_failed_credits,30481,0,2.933827630327089,4.320847005259489,0.0,55.0,51.19582690856599,0.0,0.0,0.0,5.0,9.0,12.0
all/load=<=12,available_withdrawn_credits,30481,0,2.144729503625209,3.8777169621325736,0.0,70.5,60.77884583839113,0.0,0.0,0.0,3.0,7.0,10.0
all/load=<=12,registered_failed_retake_credits,30481,0,1.2411994357140514,2.255368353301916,0.0,12.0,70.2175125488009,0.0,0.0,0.0,2.0,4.0,6.0
all/load=<=12,registered_withdrawn_retake_credits,30481,0,0.4189167022079328,1.292909857615064,0.0,12.0,87.9301860175191,0.0,0.0,0.0,0.0,2.0,3.0
all/load=<=12,registered_new_credits,30481,0,5.383255142547816,3.481599143019732,0.0,12.0,17.437091958925233,0.0,3.0,6.0,8.0,9.0,12.0
all/load=<=12,registered_other_previous_credits,30481,0,0.5028050260818214,1.5102396579629087,0.0,12.0,86.99517732357862,0.0,0.0,0.0,0.0,2.0,4.0
all/load=<=12,semester_total_registered_credits,30481,0,7.546176306551622,2.7810066393486608,1.0,12.0,0.0,4.0,6.0,7.0,9.0,12.0,12.0
all/load=<=12,failed_retake_ratio,30481,0,0.17245003942845608,0.3067710409578603,0.0,1.0,70.2175125488009,0.0,0.0,0.0,0.2727272727272727,0.6666666666666666,1.0
all/load=<=12,withdrawn_retake_ratio,30481,0,0.05778010106272304,0.17996944382484886,0.0,1.0,87.9301860175191,0.0,0.0,0.0,0.0,0.25,0.5
all/load=<=12,previously_attempted_ratio,30481,0,0.23023014049117912,0.3399099206164586,0.0,1.0,61.50060693546799,0.0,0.0,0.0,0.4285714285714285,1.0,1.0
all/load=<=12,new_credit_ratio,30481,0,0.7052615808753684,0.38930161774542826,0.0,1.0,17.437091958925233,0.0,0.4285714285714285,1.0,1.0,1.0,1.0
all/load=<=12,other_previous_ratio,30481,0,0.06450827863345249,0.19396386658909373,0.0,1.0,86.99517732357862,0.0,0.0,0.0,0.0,0.25,0.5
all/load=<=12,failed_backlog_consumption_ratio,14876,15605,0.4616801205228214,0.43339860752496595,0.0,1.0,38.975531056735676,0.0,0.0,0.4285714285714285,1.0,1.0,1.0
all/load=<=12,withdrawn_backlog_consumption_ratio,11955,18526,0.20299729229006916,0.35182448788764303,0.0,1.0,69.22626516102049,0.0,0.0,0.0,0.3333333333333333,1.0,1.0
all/load=>18,available_failed_credits,13763,0,2.3917750490445395,5.1845819696701705,0.0,65.5,69.40347307999708,0.0,0.0,0.0,4.0,8.0,12.0
all/load=>18,available_withdrawn_credits,13763,0,1.3804039816900384,3.3339658177554496,0.0,50.5,75.65937658940638,0.0,0.0,0.0,0.0,5.0,8.0
all/load=>18,registered_failed_retake_credits,13763,0,0.9735159485577273,3.0229238073351175,0.0,27.0,84.4365327326891,0.0,0.0,0.0,0.0,4.0,6.0
all/load=>18,registered_withdrawn_retake_credits,13763,0,0.44419821259899733,1.596861572521539,0.0,21.0,90.26375063576255,0.0,0.0,0.0,0.0,0.0,4.0
all/load=>18,registered_new_credits,13763,0,20.116653345927485,4.483798792288819,0.0,39.0,1.0244859405652837,15.0,19.0,20.0,23.0,24.0,25.0
all/load=>18,registered_other_previous_credits,13763,0,0.3277991716922183,1.576153497802383,0.0,25.0,94.136452808254,0.0,0.0,0.0,0.0,0.0,2.0
all/load=>18,semester_total_registered_credits,13763,0,21.86216667877643,2.4555787584440427,18.5,39.0,0.0,19.0,20.0,21.0,24.0,24.5,25.0
all/load=>18,failed_retake_ratio,13763,0,0.044063695942872676,0.1334713712365404,0.0,1.0,84.4365327326891,0.0,0.0,0.0,0.0,0.1836734693877551,0.2631578947368421
all/load=>18,withdrawn_retake_ratio,13763,0,0.020615415027112845,0.07395120220576859,0.0,1.0,90.26375063576255,0.0,0.0,0.0,0.0,0.0,0.18580920740389084
all/load=>18,previously_attempted_ratio,13763,0,0.06467911096998552,0.15525742839274495,0.0,1.0,77.23606771779409,0.0,0.0,0.0,0.0,0.22168021680217095,0.38085714285714245
all/load=>18,new_credit_ratio,13763,0,0.9204302440064882,0.1745570958964306,0.0,1.0,1.0244859405652837,0.72,0.9166666666666666,1.0,1.0,1.0,1.0
all/load=>18,other_previous_ratio,13763,0,0.01489064502352618,0.07126257669841819,0.0,1.0,94.136452808254,0.0,0.0,0.0,0.0,0.0,0.1
all/load=>18,failed_backlog_consumption_ratio,4211,9552,0.39321255979170483,0.4359899475866455,0.0,1.0,49.13322251246734,0.0,0.0,0.1666666666666666,1.0,1.0,1.0
all/load=>18,withdrawn_backlog_consumption_ratio,3350,10413,0.31203780993519475,0.4209931884532328,0.0,1.0,60.0,0.0,0.0,0.0,0.6666666666666666,1.0,1.0
"failed_available/load=(12,15]",available_failed_credits,6593,0,5.945851660852419,4.5060078059775925,1.0,58.0,0.0,2.0,3.0,5.0,8.0,12.0,14.0
"failed_available/load=(12,15]",available_withdrawn_credits,6593,0,3.253678143485515,4.766665216411677,0.0,77.5,45.98816927043835,0.0,0.0,2.0,5.0,9.0,13.0
"failed_available/load=(12,15]",registered_failed_retake_credits,6593,0,3.5280600637039283,3.114857543031799,0.0,15.0,25.02654330350372,0.0,0.0,3.0,5.0,8.0,9.0
"failed_available/load=(12,15]",registered_withdrawn_retake_credits,6593,0,0.9290156226300622,1.9852413324243097,0.0,15.0,75.9593508266343,0.0,0.0,0.0,0.0,3.0,5.0
"failed_available/load=(12,15]",registered_new_credits,6593,0,7.938722887911421,4.72121361694168,0.0,15.0,12.983467313817684,0.0,4.0,8.0,12.0,14.0,15.0
"failed_available/load=(12,15]",registered_other_previous_credits,6593,0,1.7682390414075535,2.817851415208109,0.0,15.0,63.17306233884423,0.0,0.0,0.0,3.0,6.0,8.0
"failed_available/load=(12,15]",semester_total_registered_credits,6593,0,14.164037615652965,0.8111072191239239,12.5,15.0,0.0,13.0,13.0,14.0,15.0,15.0,15.0
"failed_available/load=(12,15]",failed_retake_ratio,6593,0,0.25124965486111317,0.22376423971221215,0.0,1.0,25.02654330350372,0.0,0.0,0.2142857142857142,0.3846153846153846,0.5714285714285714,0.6923076923076923
"failed_available/load=(12,15]",withdrawn_retake_ratio,6593,0,0.06599420931936609,0.14150886226789341,0.0,1.0,75.9593508266343,0.0,0.0,0.0,0.0,0.2307692307692307,0.3846153846153846
"failed_available/load=(12,15]",previously_attempted_ratio,6593,0,0.31724386418047923,0.24880777709812063,0.0,1.0,17.928105566509934,0.0,0.1428571428571428,0.2666666666666666,0.4666666666666667,0.6666666666666666,0.7886699507389135
"failed_available/load=(12,15]",new_credit_ratio,6593,0,0.5557275262285278,0.325601045869895,0.0,1.0,12.983467313817684,0.0,0.3076923076923077,0.6,0.8,1.0,1.0
"failed_available/load=(12,15]",other_previous_ratio,6593,0,0.12702860959099288,0.2023754388556001,0.0,1.0,63.17306233884423,0.0,0.0,0.0,0.2142857142857142,0.4285714285714285,0.5714285714285714
"failed_available/load=(12,15]",failed_backlog_consumption_ratio,6593,0,0.622581232092159,0.42396571716553355,0.0,1.0,25.02654330350372,0.0,0.0,0.8333333333333334,1.0,1.0,1.0
"failed_available/load=(12,15]",withdrawn_backlog_consumption_ratio,3561,3032,0.2924186259746368,0.3851944117350078,0.0,1.0,55.490030890199385,0.0,0.0,0.0,0.5,1.0,1.0
"failed_available/load=(15,18]",available_failed_credits,11671,0,5.036929140604919,3.899740543963316,1.0,43.0,0.0,2.0,3.0,4.0,6.0,10.0,13.0
"failed_available/load=(15,18]",available_withdrawn_credits,11671,0,2.6598406306229117,3.9255885799046824,0.0,42.5,49.8414874475195,0.0,0.0,1.0,4.0,8.0,10.0
"failed_available/load=(15,18]",registered_failed_retake_credits,11671,0,2.4336817753405877,2.6375797391523106,0.0,18.0,38.968383171964696,0.0,0.0,2.0,3.0,6.0,8.0
"failed_available/load=(15,18]",registered_withdrawn_retake_credits,11671,0,0.8129980293034016,1.8356093575994006,0.0,17.0,78.0652900351298,0.0,0.0,0.0,0.0,3.0,4.0
"failed_available/load=(15,18]",registered_new_credits,11671,0,13.660526090309313,3.7328413997928345,0.0,18.0,0.8225516236826321,9.0,12.0,14.0,17.0,18.0,18.0
"failed_available/load=(15,18]",registered_other_previous_credits,11671,0,0.37910204781081314,1.43209367256987,0.0,18.0,90.72915774141033,0.0,0.0,0.0,0.0,0.0,3.0
"failed_available/load=(15,18]",semester_total_registered_credits,11671,0,17.286307942764115,0.7633166260292811,15.5,18.0,0.0,16.0,17.0,17.0,18.0,18.0,18.0
"failed_available/load=(15,18]",failed_retake_ratio,11671,0,0.14144244249234425,0.15415679722340164,0.0,1.0,38.968383171964696,0.0,0.0,0.125,0.1875,0.3333333333333333,0.4444444444444444
"failed_available/load=(15,18]",withdrawn_retake_ratio,11671,0,0.0472348144900305,0.10697239560802453,0.0,1.0,78.0652900351298,0.0,0.0,0.0,0.0,0.1764705882352941,0.25
"failed_available/load=(15,18]",previously_attempted_ratio,11671,0,0.18867725698237478,0.18549440270537235,0.0,1.0,30.622911490017994,0.0,0.0,0.1666666666666666,0.2941176470588235,0.4444444444444444,0.5555555555555556
"failed_available/load=(15,18]",new_credit_ratio,11671,0,0.7889670902506678,0.21054083438570959,0.0,1.0,0.8225516236826321,0.5,0.6666666666666666,0.8333333333333334,1.0,1.0,1.0
"failed_available/load=(15,18]",other_previous_ratio,11671,0,0.02235565276695744,0.08463221083671282,0.0,1.0,90.72915774141033,0.0,0.0,0.0,0.0,0.0,0.1764705882352941
"failed_available/load=(15,18]",failed_backlog_consumption_ratio,11671,0,0.49943932487748843,0.44934905661590663,0.0,1.0,38.968383171964696,0.0,0.0,0.5,1.0,1.0,1.0
"failed_available/load=(15,18]",withdrawn_backlog_consumption_ratio,5854,5817,0.3025225472464717,0.39483535784759166,0.0,1.0,56.269217628971646,0.0,0.0,0.0,0.6,1.0,1.0
failed_available/load=<=12,available_failed_credits,14876,0,6.011427803172896,4.444507949046802,1.0,55.0,0.0,2.0,3.0,5.0,8.0,12.0,15.0
failed_available/load=<=12,available_withdrawn_credits,14876,0,2.7602178004840012,4.2452321997590055,0.0,70.5,51.12933584296854,0.0,0.0,0.0,4.0,8.0,11.0
failed_available/load=<=12,registered_failed_retake_credits,14876,0,2.543223984942189,2.666728798714747,0.0,12.0,38.975531056735676,0.0,0.0,2.0,4.0,6.0,8.0
failed_available/load=<=12,registered_withdrawn_retake_credits,14876,0,0.4340548534552299,1.2590995264721234,0.0,12.0,87.03952675450391,0.0,0.0,0.0,0.0,2.0,3.0
failed_available/load=<=12,registered_new_credits,14876,0,3.9465246033880077,3.361534366767304,0.0,12.0,30.431567625705835,0.0,0.0,4.0,6.0,9.0,9.0
failed_available/load=<=12,registered_other_previous_credits,14876,0,0.7679483732186072,1.7763612658598198,0.0,12.0,79.96101102446895,0.0,0.0,0.0,0.0,3.0,5.0
failed_available/load=<=12,semester_total_registered_credits,14876,0,7.691751815004033,2.918935893915216,1.0,12.0,0.0,4.0,6.0,8.0,9.0,12.0,12.0
failed_available/load=<=12,failed_retake_ratio,14876,0,0.3533510118189547,0.35903974266841876,0.0,1.0,38.975531056735676,0.0,0.0,0.3,0.5833333333333334,1.0,1.0
failed_available/load=<=12,withdrawn_retake_ratio,14876,0,0.056242237284935354,0.16784259434265106,0.0,1.0,87.03952675450391,0.0,0.0,0.0,0.0,0.25,0.4469696969696969
failed_available/load=<=12,previously_attempted_ratio,14876,0,0.40959324910389,0.3683915247437341,0.0,1.0,32.8851841892982,0.0,0.0,0.375,0.6666666666666666,1.0,1.0
failed_available/load=<=12,new_credit_ratio,14876,0,0.4993989024036436,0.4003685184747503,0.0,1.0,30.431567625705835,0.0,0.0,0.5,1.0,1.0,1.0
failed_available/load=<=12,other_previous_ratio,14876,0,0.09100784849246642,0.2122361605573891,0.0,1.0,79.96101102446895,0.0,0.0,0.0,0.0,0.4166666666666667,0.5
failed_available/load=<=12,failed_backlog_consumption_ratio,14876,0,0.4616801205228214,0.43339860752496595,0.0,1.0,38.975531056735676,0.0,0.0,0.4285714285714285,1.0,1.0,1.0
failed_available/load=<=12,withdrawn_backlog_consumption_ratio,7270,7606,0.16638668625055153,0.3232570117996652,0.0,1.0,73.48005502063273,0.0,0.0,0.0,0.1702380952380952,1.0,1.0
failed_available/load=>18,available_failed_credits,4211,0,7.817145571123248,6.7413832057864855,1.0,65.5,0.0,3.0,4.0,5.0,9.5,15.0,22.0
failed_available/load=>18,available_withdrawn_credits,4211,0,2.33614343386369,4.403462764207719,0.0,50.5,64.07029209213964,0.0,0.0,0.0,4.0,8.0,11.0
failed_available/load=>18,registered_failed_retake_credits,4211,0,3.1817857990976015,4.779473951385164,0.0,27.0,49.13322251246734,0.0,0.0,2.0,4.5,8.0,12.0
failed_available/load=>18,registered_withdrawn_retake_credits,4211,0,0.6770363334124911,1.9597050903636966,0.0,21.0,85.70410828781762,0.0,0.0,0.0,0.0,3.0,5.0
failed_available/load=>18,registered_new_credits,4211,0,17.81275231536452,6.001466669525967,0.0,39.0,3.300878651151745,10.0,15.0,19.0,22.5,24.0,25.0
failed_available/load=>18,registered_other_previous_credits,4211,0,0.6194490619805272,2.1075825735831115,0.0,25.0,88.90999762526715,0.0,0.0,0.0,0.0,2.0,5.0
failed_available/load=>18,semester_total_registered_credits,4211,0,22.29102350985514,2.2962636536133187,18.5,39.0,0.0,19.0,20.0,22.5,24.0,25.0,25.0
failed_available/load=>18,failed_retake_ratio,4211,0,0.14401535199756746,0.20937020939976544,0.0,1.0,49.13322251246734,0.0,0.0,0.0816326530612244,0.2083333333333333,0.3863636363636363,0.55
failed_available/load=>18,withdrawn_retake_ratio,4211,0,0.030844586807119986,0.08879045134101371,0.0,1.0,85.70410828781762,0.0,0.0,0.0,0.0,0.15,0.2105263157894736
failed_available/load=>18,previously_attempted_ratio,4211,0,0.17485993880468748,0.2268434304022777,0.0,1.0,43.12514842080266,0.0,0.0,0.12,0.25,0.4545454545454545,0.631578947368421
failed_available/load=>18,new_credit_ratio,4211,0,0.7968668164122887,0.2457940203745199,0.0,1.0,3.300878651151745,0.4666666666666667,0.7,0.8421052631578947,1.0,1.0,1.0
failed_available/load=>18,other_previous_ratio,4211,0,0.02827324478302373,0.09610264598261052,0.0,1.0,88.90999762526715,0.0,0.0,0.0,0.0,0.0952380952380952,0.2307692307692307
failed_available/load=>18,failed_backlog_consumption_ratio,4211,0,0.39321255979170483,0.4359899475866455,0.0,1.0,49.13322251246734,0.0,0.0,0.1666666666666666,1.0,1.0,1.0
failed_available/load=>18,withdrawn_backlog_consumption_ratio,1513,2698,0.29331488574750686,0.40564915359998854,0.0,1.0,60.21150033046927,0.0,0.0,0.0,0.6,1.0,1.0
"withdrawn_available/load=(12,15]",available_failed_credits,5681,0,3.9300299243091006,4.776601510335669,0.0,58.0,37.31737370181306,0.0,0.0,3.0,6.0,10.0,13.0
"withdrawn_available/load=(12,15]",available_withdrawn_credits,5681,0,5.777415947896497,4.910722180655677,1.0,77.5,0.0,2.0,3.0,4.0,7.0,12.0,16.0
"withdrawn_available/load=(12,15]",registered_failed_retake_credits,5681,0,2.1731209294138356,2.9433167780536458,0.0,15.0,53.546910755148744,0.0,0.0,0.0,3.0,6.0,8.0
"withdrawn_available/load=(12,15]",registered_withdrawn_retake_credits,5681,0,1.854603062841049,2.617465784981144,0.0,15.0,53.08924485125858,0.0,0.0,0.0,3.0,5.0,7.0
"withdrawn_available/load=(12,15]",registered_new_credits,5681,0,8.863756380918852,4.751233113454419,0.0,15.0,9.910227072698468,1.0,5.0,10.0,13.0,15.0,15.0
"withdrawn_available/load=(12,15]",registered_other_previous_credits,5681,0,1.3007393064601303,2.559088226677869,0.0,15.0,72.46963562753037,0.0,0.0,0.0,2.0,5.0,7.0
"withdrawn_available/load=(12,15]",semester_total_registered_credits,5681,0,14.192219679633867,0.8002086116475486,12.5,15.0,0.0,13.0,14.0,14.0,15.0,15.0,15.0
"withdrawn_available/load=(12,15]",failed_retake_ratio,5681,0,0.15475776104028777,0.21032681512650686,0.0,1.0,53.546910755148744,0.0,0.0,0.0,0.2307692307692307,0.4615384615384615,0.6
"withdrawn_available/load=(12,15]",withdrawn_retake_ratio,5681,0,0.1315392565466314,0.186504428157391,0.0,1.0,53.08924485125858,0.0,0.0,0.0,0.2142857142857142,0.3846153846153846,0.5
"withdrawn_available/load=(12,15]",previously_attempted_ratio,5681,0,0.28629701758691917,0.25939983791465754,0.0,1.0,26.298186938919205,0.0,0.0,0.2142857142857142,0.4285714285714285,0.6428571428571429,0.8
"withdrawn_available/load=(12,15]",new_credit_ratio,5681,0,0.6200091165680031,0.32708577590459015,0.0,1.0,9.910227072698468,0.0714285714285714,0.3846153846153846,0.6923076923076923,0.8666666666666667,1.0,1.0
"withdrawn_available/load=(12,15]",other_previous_ratio,5681,0,0.09369386584507769,0.1847291807533894,0.0,1.0,72.46963562753037,0.0,0.0,0.0,0.1428571428571428,0.3846153846153846,0.5333333333333333
"withdrawn_available/load=(12,15]",failed_backlog_consumption_ratio,3561,2120,0.5870683173775971,0.4198779235029219,0.0,1.0,25.89160348216793,0.0,0.0,0.6666666666666666,1.0,1.0,1.0
"withdrawn_available/load=(12,15]",withdrawn_backlog_consumption_ratio,5681,0,0.32463205599832,0.4021975176532488,0.0,1.0,53.08924485125858,0.0,0.0,0.0,0.6,1.0,1.0
"withdrawn_available/load=(15,18]",available_failed_credits,11126,0,2.8506651087542694,4.035540202516871,0.0,37.0,47.384504763616754,0.0,0.0,2.0,4.0,8.0,11.0
"withdrawn_available/load=(15,18]",available_withdrawn_credits,11126,0,4.984810354125472,3.9927173360793975,1.0,42.5,0.0,2.0,2.0,3.0,6.0,10.0,13.0
"withdrawn_available/load=(15,18]",registered_failed_retake_credits,11126,0,1.3167355743303972,2.323206305050326,0.0,18.0,67.59841811971957,0.0,0.0,0.0,3.0,4.0,6.0
"withdrawn_available/load=(15,18]",registered_withdrawn_retake_credits,11126,0,1.6750404458026245,2.496034765167703,0.0,18.0,55.95901492000719,0.0,0.0,0.0,3.0,4.0,6.0
"withdrawn_available/load=(15,18]",registered_new_credits,11126,0,13.946926119000539,3.7804453678924865,0.0,18.0,0.835879920905986,9.0,12.0,15.0,17.0,18.0,18.0
"withdrawn_available/load=(15,18]",registered_other_previous_credits,11126,0,0.31633111630415245,1.2966134848495567,0.0,17.0,91.85691173827072,0.0,0.0,0.0,0.0,0.0,3.0
"withdrawn_available/load=(15,18]",semester_total_registered_credits,11126,0,17.255033255437713,0.7649685688010501,15.5,18.0,0.0,16.0,17.0,17.0,18.0,18.0,18.0
"withdrawn_available/load=(15,18]",failed_retake_ratio,11126,0,0.07659221338384262,0.13567417102843743,0.0,1.0,67.59841811971957,0.0,0.0,0.0,0.1666666666666666,0.25,0.3529411764705882
"withdrawn_available/load=(15,18]",withdrawn_retake_ratio,11126,0,0.0973853923006288,0.14550616741138891,0.0,1.0,55.95901492000719,0.0,0.0,0.0,0.1666666666666666,0.25,0.3529411764705882
"withdrawn_available/load=(15,18]",previously_attempted_ratio,11126,0,0.1739776056844714,0.19452421944166084,0.0,1.0,37.8123314758224,0.0,0.0,0.1666666666666666,0.2777777777777778,0.4444444444444444,0.5625
"withdrawn_available/load=(15,18]",new_credit_ratio,11126,0,0.8074642785014959,0.2148231700962859,0.0,1.0,0.835879920905986,0.5,0.7058823529411765,0.8333333333333334,1.0,1.0,1.0
"withdrawn_available/load=(15,18]",other_previous_ratio,11126,0,0.018558115814032685,0.07628726001582758,0.0,1.0,91.85691173827072,0.0,0.0,0.0,0.0,0.0,0.1666666666666666
"withdrawn_available/load=(15,18]",failed_backlog_consumption_ratio,5854,5272,0.4848395939500357,0.44047755413756784,0.0,1.0,38.41817560642296,0.0,0.0,0.5,1.0,1.0,1.0
"withdrawn_available/load=(15,18]",withdrawn_backlog_consumption_ratio,11126,0,0.3214603280922128,0.4097587126114215,0.0,1.0,55.95901492000719,0.0,0.0,0.0,0.6666666666666666,1.0,1.0
withdrawn_available/load=<=12,available_failed_credits,11955,0,3.7500627352572145,4.607418742242427,0.0,55.0,39.18862400669176,0.0,0.0,3.0,6.0,10.0,13.0
withdrawn_available/load=<=12,available_withdrawn_credits,11955,0,5.468297783354245,4.490476462167146,1.0,70.5,0.0,2.0,3.0,4.0,7.0,11.0,15.0
withdrawn_available/load=<=12,registered_failed_retake_credits,11955,0,1.5069427017984107,2.338848604626098,0.0,12.0,62.986198243412794,0.0,0.0,0.0,3.0,5.0,6.0
withdrawn_available/load=<=12,registered_withdrawn_retake_credits,11955,0,1.0680886658301965,1.8891298959916922,0.0,12.0,69.22626516102049,0.0,0.0,0.0,2.0,3.0,5.0
withdrawn_available/load=<=12,registered_new_credits,11955,0,4.362400669176077,3.316128486594173,0.0,12.0,24.26599749058971,0.0,2.0,4.5,7.0,9.0,9.0
withdrawn_available/load=<=12,registered_other_previous_credits,11955,0,0.6554161438728565,1.683898513819122,0.0,12.0,82.99456294437474,0.0,0.0,0.0,0.0,3.0,4.0
withdrawn_available/load=<=12,semester_total_registered_credits,11955,0,7.5928481806775405,2.775085420270558,1.0,12.0,0.0,4.0,6.0,8.0,9.0,12.0,12.0
withdrawn_available/load=<=12,failed_retake_ratio,11955,0,0.20349341395654777,0.31385907425010173,0.0,1.0,62.986198243412794,0.0,0.0,0.0,0.375,0.6666666666666666,1.0
withdrawn_available/load=<=12,withdrawn_retake_ratio,11955,0,0.1473187168960988,0.26342516734476334,0.0,1.0,69.22626516102049,0.0,0.0,0.0,0.25,0.5,0.75
withdrawn_available/load=<=12,previously_attempted_ratio,11955,0,0.35081213085264656,0.3616777237424319,0.0,1.0,40.7611877875366,0.0,0.0,0.2857142857142857,0.6,1.0,1.0
withdrawn_available/load=<=12,new_credit_ratio,11955,0,0.5682106402902072,0.3977615318930615,0.0,1.0,24.26599749058971,0.0,0.1666666666666666,0.625,1.0,1.0,1.0
withdrawn_available/load=<=12,other_previous_ratio,11955,0,0.08097722885714619,0.20886223456211792,0.0,1.0,82.99456294437474,0.0,0.0,0.0,0.0,0.3333333333333333,0.5
withdrawn_available/load=<=12,failed_backlog_consumption_ratio,7270,4685,0.44434639687984295,0.4260059652208571,0.0,1.0,39.1334250343879,0.0,0.0,0.4,1.0,1.0,1.0
withdrawn_available/load=<=12,withdrawn_backlog_consumption_ratio,11955,0,0.20299729229006916,0.35182448788764303,0.0,1.0,69.22626516102049,0.0,0.0,0.0,0.3333333333333333,1.0,1.0
withdrawn_available/load=>18,available_failed_credits,3350,0,3.532835820895522,5.514141759963221,0.0,44.0,54.83582089552239,0.0,0.0,0.0,5.0,10.5,14.0
withdrawn_available/load=>18,available_withdrawn_credits,3350,0,5.671194029850747,4.61897142782074,1.0,50.5,0.0,2.0,3.0,4.0,7.0,11.0,14.5
withdrawn_available/load=>18,registered_failed_retake_credits,3350,0,1.4397014925373135,3.232404407042784,0.0,24.0,75.70149253731343,0.0,0.0,0.0,0.0,5.0,8.0
withdrawn_available/load=>18,registered_withdrawn_retake_credits,3350,0,1.8249253731343285,2.8210047325744263,0.0,21.0,60.0,0.0,0.0,0.0,4.0,5.0,7.774999999999864
withdrawn_available/load=>18,registered_new_credits,3350,0,18.159701492537312,5.190131196781127,0.0,39.0,1.0149253731343284,11.0,15.5,19.0,22.0,24.0,24.5
withdrawn_available/load=>18,registered_other_previous_credits,3350,0,0.44656716417910447,1.7518011481279152,0.0,20.0,91.49253731343283,0.0,0.0,0.0,0.0,0.0,4.0
withdrawn_available/load=>18,semester_total_registered_credits,3350,0,21.87089552238806,2.265974598684855,18.5,39.0,0.0,19.0,20.0,21.5,24.0,24.5,25.0
withdrawn_available/load=>18,failed_retake_ratio,3350,0,0.06589923214491072,0.14651989453706804,0.0,1.0,75.70149253731343,0.0,0.0,0.0,0.0,0.24,0.3809523809523809
withdrawn_available/load=>18,withdrawn_retake_ratio,3350,0,0.08469550955765794,0.13055216375515452,0.0,1.0,60.0,0.0,0.0,0.0,0.16,0.2448979591836734,0.33723404255318956
withdrawn_available/load=>18,previously_attempted_ratio,3350,0,0.15059474170256867,0.1954169973213069,0.0,1.0,46.11940298507463,0.0,0.0,0.0952380952380952,0.22154471544715446,0.4210526315789473,0.55
withdrawn_available/load=>18,new_credit_ratio,3350,0,0.8286392210495138,0.21417987938772237,0.0,1.0,1.0149253731343284,0.5263157894736842,0.75,0.8947368421052632,1.0,1.0,1.0
withdrawn_available/load=>18,other_previous_ratio,3350,0,0.020766037247917542,0.08203513370311516,0.0,1.0,91.49253731343283,0.0,0.0,0.0,0.0,0.0,0.18497864261983793
withdrawn_available/load=>18,failed_backlog_consumption_ratio,1513,1837,0.3985681208905798,0.42559301319487935,0.0,1.0,46.19960343688037,0.0,0.0,0.2727272727272727,1.0,1.0,1.0
withdrawn_available/load=>18,withdrawn_backlog_consumption_ratio,3350,0,0.31203780993519475,0.4209931884532328,0.0,1.0,60.0,0.0,0.0,0.0,0.6666666666666666,1.0,1.0
"both_available/load=(12,15]",available_failed_credits,3561,0,6.269727604605448,4.661495897114317,1.0,58.0,0.0,2.0,3.0,5.0,8.0,12.0,15.0
"both_available/load=(12,15]",available_withdrawn_credits,3561,0,6.024010109519798,5.037770182222144,1.0,77.5,0.0,2.0,3.0,4.0,7.0,12.0,16.0
"both_available/load=(12,15]",registered_failed_retake_credits,3561,0,3.466863240662735,3.0554146936401048,0.0,15.0,25.89160348216793,0.0,0.0,3.0,5.0,8.0,9.0
"both_available/load=(12,15]",registered_withdrawn_retake_credits,3561,0,1.7200224655995506,2.436575373358467,0.0,15.0,55.490030890199385,0.0,0.0,0.0,3.0,5.0,6.0
"both_available/load=(12,15]",registered_new_credits,3561,0,7.228727885425442,4.561300670052156,0.0,15.0,13.844425723111486,0.0,3.0,7.0,11.0,13.0,15.0
"both_available/load=(12,15]",registered_other_previous_credits,3561,0,1.718337545633249,2.7599662389173396,0.0,15.0,63.409154731816905,0.0,0.0,0.0,3.0,6.0,8.0
"both_available/load=(12,15]",semester_total_registered_credits,3561,0,14.133951137320977,0.8156828853922831,12.5,15.0,0.0,13.0,13.0,14.0,15.0,15.0,15.0
"both_available/load=(12,15]",failed_retake_ratio,3561,0,0.2468909970429303,0.21869548453182788,0.0,1.0,25.89160348216793,0.0,0.0,0.2142857142857142,0.3846153846153846,0.5714285714285714,0.6428571428571429
"both_available/load=(12,15]",withdrawn_retake_ratio,3561,0,0.1221847295823029,0.17381599468578485,0.0,1.0,55.490030890199385,0.0,0.0,0.0,0.2142857142857142,0.3571428571428571,0.4615384615384615
"both_available/load=(12,15]",previously_attempted_ratio,3561,0,0.3690757266252332,0.2528636985507131,0.0,1.0,12.749227745015446,0.0,0.2,0.3571428571428571,0.5384615384615384,0.7333333333333333,0.8461538461538461
"both_available/load=(12,15]",new_credit_ratio,3561,0,0.5071835628982498,0.3157157298035068,0.0,1.0,13.844425723111486,0.0,0.2307692307692307,0.5333333333333333,0.7857142857142857,1.0,1.0
"both_available/load=(12,15]",other_previous_ratio,3561,0,0.12374071047651694,0.19905284322037758,0.0,1.0,63.409154731816905,0.0,0.0,0.0,0.2142857142857142,0.4,0.5714285714285714
"both_available/load=(12,15]",failed_backlog_consumption_ratio,3561,0,0.5870683173775971,0.4198779235029219,0.0,1.0,25.89160348216793,0.0,0.0,0.6666666666666666,1.0,1.0,1.0
"both_available/load=(12,15]",withdrawn_backlog_consumption_ratio,3561,0,0.2924186259746368,0.3851944117350078,0.0,1.0,55.490030890199385,0.0,0.0,0.0,0.5,1.0,1.0
"both_available/load=(15,18]",available_failed_credits,5854,0,5.417919371370004,4.12831956439359,1.0,37.0,0.0,2.0,3.0,4.0,7.0,11.0,14.0
"both_available/load=(15,18]",available_withdrawn_credits,5854,0,5.302869832593099,4.087502084830373,1.0,42.5,0.0,2.0,3.0,4.0,7.0,10.0,14.0
"both_available/load=(15,18]",registered_failed_retake_credits,5854,0,2.5025623505295522,2.7001294513943295,0.0,18.0,38.41817560642296,0.0,0.0,2.0,3.0,6.0,8.0
"both_available/load=(15,18]",registered_withdrawn_retake_credits,5854,0,1.6208575333105568,2.325628952521199,0.0,17.0,56.269217628971646,0.0,0.0,0.0,3.0,4.0,6.0
"both_available/load=(15,18]",registered_new_credits,5854,0,12.731380252818585,3.990663660895534,0.0,18.0,1.1274342330030749,7.0,11.0,14.0,15.0,18.0,18.0
"both_available/load=(15,18]",registered_other_previous_credits,5854,0,0.42056713358387426,1.477784908097407,0.0,15.0,89.42603348138024,0.0,0.0,0.0,0.0,2.0,3.0
"both_available/load=(15,18]",semester_total_registered_credits,5854,0,17.27536727024257,0.7685412970895797,15.5,18.0,0.0,16.0,17.0,17.0,18.0,18.0,18.0
"both_available/load=(15,18]",failed_retake_ratio,5854,0,0.14556969014496635,0.1579398340991621,0.0,1.0,38.41817560642296,0.0,0.0,0.125,0.1875,0.3529411764705882,0.4705882352941176
"both_available/load=(15,18]",withdrawn_retake_ratio,5854,0,0.09417108300532048,0.13562820314486665,0.0,1.0,56.269217628971646,0.0,0.0,0.0,0.1666666666666666,0.25,0.3529411764705882
"both_available/load=(15,18]",previously_attempted_ratio,5854,0,0.23974077315028683,0.20240793646568767,0.0,1.0,21.779979501195765,0.0,0.1111111111111111,0.1764705882352941,0.3529411764705882,0.5,0.625
"both_available/load=(15,18]",new_credit_ratio,5854,0,0.7354961543392117,0.2258387929105994,0.0,1.0,1.1274342330030749,0.4117647058823529,0.625,0.8125,0.8888888888888888,1.0,1.0
"both_available/load=(15,18]",other_previous_ratio,5854,0,0.024763072510501406,0.08715901060297385,0.0,0.8823529411764706,89.42603348138024,0.0,0.0,0.0,0.0,0.1111111111111111,0.1764705882352941
"both_available/load=(15,18]",failed_backlog_consumption_ratio,5854,0,0.4848395939500357,0.44047755413756784,0.0,1.0,38.41817560642296,0.0,0.0,0.5,1.0,1.0,1.0
"both_available/load=(15,18]",withdrawn_backlog_consumption_ratio,5854,0,0.3025225472464717,0.39483535784759166,0.0,1.0,56.269217628971646,0.0,0.0,0.0,0.6,1.0,1.0
both_available/load=<=12,available_failed_credits,7270,0,6.166712517193948,4.4727502920783495,1.0,55.0,0.0,2.0,3.0,5.0,8.0,12.0,15.0
both_available/load=<=12,available_withdrawn_credits,7270,0,5.648005502063274,4.535088829251082,1.0,70.5,0.0,2.0,3.0,4.0,7.0,11.0,14.0
both_available/load=<=12,registered_failed_retake_credits,7270,0,2.478060522696011,2.566913048618993,0.0,12.0,39.1334250343879,0.0,0.0,2.0,4.0,6.0,7.0
both_available/load=<=12,registered_withdrawn_retake_credits,7270,0,0.8881705639614855,1.6854594368730544,0.0,12.0,73.48005502063273,0.0,0.0,0.0,2.0,3.0,4.0
both_available/load=<=12,registered_new_credits,7270,0,3.5720082530949107,3.150543709875595,0.0,12.0,32.1595598349381,0.0,0.0,3.0,6.0,8.0,9.0
both_available/load=<=12,registered_other_previous_credits,7270,0,0.8248968363136177,1.8180434089778137,0.0,12.0,78.23933975240716,0.0,0.0,0.0,0.0,3.0,5.0
both_available/load=<=12,semester_total_registered_credits,7270,0,7.763136176066025,2.8437824646366585,1.0,12.0,0.0,4.0,6.0,8.0,9.0,12.0,12.0
both_available/load=<=12,failed_retake_ratio,7270,0,0.3346305039684358,0.34366969847664913,0.0,1.0,39.1334250343879,0.0,0.0,0.25,0.5,1.0,1.0
both_available/load=<=12,withdrawn_retake_ratio,7270,0,0.11508384069473154,0.22555636332507964,0.0,1.0,73.48005502063273,0.0,0.0,0.0,0.1666666666666666,0.5,0.6
both_available/load=<=12,previously_attempted_ratio,7270,0,0.44971434466316734,0.3599536133655366,0.0,1.0,26.671251719394775,0.0,0.0,0.4285714285714285,0.75,1.0,1.0
both_available/load=<=12,new_credit_ratio,7270,0,0.4530574814196062,0.3849180128537398,0.0,1.0,32.1595598349381,0.0,0.0,0.5,0.75,1.0,1.0
both_available/load=<=12,other_previous_ratio,7270,0,0.09722817391722642,0.21544083363180092,0.0,1.0,78.23933975240716,0.0,0.0,0.0,0.0,0.4166666666666667,0.5555555555555556
both_available/load=<=12,failed_backlog_consumption_ratio,7270,0,0.44434639687984295,0.4260059652208571,0.0,1.0,39.1334250343879,0.0,0.0,0.4,1.0,1.0,1.0
both_available/load=<=12,withdrawn_backlog_consumption_ratio,7270,0,0.16638668625055153,0.3232570117996652,0.0,1.0,73.48005502063273,0.0,0.0,0.0,0.1702380952380952,1.0,1.0
both_available/load=>18,available_failed_credits,1513,0,7.822207534699273,5.811419941574016,1.0,44.0,0.0,3.0,4.0,6.0,10.0,15.0,19.699999999999932
both_available/load=>18,available_withdrawn_credits,1513,0,6.501982815598149,5.18522614163704,1.0,50.5,0.0,2.0,3.0,5.0,8.0,13.0,17.0
both_available/load=>18,registered_failed_retake_credits,1513,0,3.187706543291474,4.191291625566728,0.0,24.0,46.19960343688037,0.0,0.0,2.0,5.0,8.0,11.0
both_available/load=>18,registered_withdrawn_retake_credits,1513,0,1.88433575677462,2.9011786919348395,0.0,21.0,60.21150033046927,0.0,0.0,0.0,4.0,6.0,8.0
both_available/load=>18,registered_new_credits,1513,0,16.43688037012558,5.93991197600073,0.0,39.0,2.181097157964309,8.0,13.0,17.0,21.0,24.0,24.0
both_available/load=>18,registered_other_previous_credits,1513,0,0.6206212822207535,2.0167513782540536,0.0,18.0,88.16920026437542,0.0,0.0,0.0,0.0,2.0,5.0
both_available/load=>18,semester_total_registered_credits,1513,0,22.129543952412426,2.253834091495837,18.5,39.0,0.0,19.0,20.0,22.0,24.0,25.0,25.0
both_available/load=>18,failed_retake_ratio,1513,0,0.14591039503334496,0.1893897531981512,0.0,1.0,46.19960343688037,0.0,0.0,0.0952380952380952,0.2127659574468085,0.4,0.5217391304347826
both_available/load=>18,withdrawn_retake_ratio,1513,0,0.08584702911089376,0.1312498060967041,0.0,1.0,60.21150033046927,0.0,0.0,0.0,0.1666666666666666,0.25,0.3486956521739127
both_available/load=>18,previously_attempted_ratio,1513,0,0.23175742414423875,0.22812445849057103,0.0,1.0,29.477858559153997,0.0,0.0,0.1914893617021276,0.3636363636363636,0.5414414414414414,0.6666666666666666
both_available/load=>18,new_credit_ratio,1513,0,0.7392553920668901,0.2471876861903938,0.0,1.0,2.181097157964309,0.391304347826087,0.6,0.7894736842105263,1.0,1.0,1.0
both_available/load=>18,other_previous_ratio,1513,0,0.028987183788871277,0.09496390000735637,0.0,0.8571428571428571,88.16920026437542,0.0,0.0,0.0,0.0,0.1052631578947368,0.22261640798226054
both_available/load=>18,failed_backlog_consumption_ratio,1513,0,0.3985681208905798,0.42559301319487935,0.0,1.0,46.19960343688037,0.0,0.0,0.2727272727272727,1.0,1.0,1.0
both_available/load=>18,withdrawn_backlog_consumption_ratio,1513,0,0.29331488574750686,0.40564915359998854,0.0,1.0,60.21150033046927,0.0,0.0,0.0,0.6,1.0,1.0
"any_available/load=(12,15]",available_failed_credits,8713,0,4.499139217261563,4.676853839849709,0.0,58.0,24.33145873981407,0.0,1.0,3.0,6.0,10.0,13.0
"any_available/load=(12,15]",available_withdrawn_credits,8713,0,3.766957419947205,4.8266620274309116,0.0,77.5,34.798576839205786,0.0,0.0,3.0,5.0,10.0,13.0
"any_available/load=(12,15]",registered_failed_retake_credits,8713,0,2.669631584987949,3.103755325555203,0.0,15.0,43.26867898542408,0.0,0.0,2.0,4.0,7.0,9.0
"any_available/load=(12,15]",registered_withdrawn_retake_credits,8713,0,1.2092275909560426,2.290688574185387,0.0,15.0,69.41352002754505,0.0,0.0,0.0,2.0,4.0,6.0
"any_available/load=(12,15]",registered_new_credits,8713,0,8.832032594973029,4.757695541132773,0.0,15.0,10.62779754389992,0.0,6.0,10.0,13.0,15.0,15.0
"any_available/load=(12,15]",registered_other_previous_credits,8713,0,1.4838172845173878,2.6880645078879977,0.0,15.0,69.13806955124527,0.0,0.0,0.0,3.0,6.0,7.0
"any_available/load=(12,15]",semester_total_registered_credits,8713,0,14.194709055434409,0.8016301463775004,12.5,15.0,0.0,13.0,14.0,14.0,15.0,15.0,15.0
"any_available/load=(12,15]",failed_retake_ratio,8713,0,0.19011694875465618,0.2225081278617701,0.0,1.0,43.26867898542408,0.0,0.0,0.1428571428571428,0.3076923076923077,0.5333333333333333,0.6153846153846154
"any_available/load=(12,15]",withdrawn_retake_ratio,8713,0,0.08576546728353183,0.16310876928461554,0.0,1.0,69.41352002754505,0.0,0.0,0.0,0.1538461538461538,0.2666666666666666,0.4285714285714285
"any_available/load=(12,15]",previously_attempted_ratio,8713,0,0.27588241603818797,0.2497975897231762,0.0,1.0,25.502123264088144,0.0,0.0,0.2142857142857142,0.4285714285714285,0.6153846153846154,0.7857142857142857
"any_available/load=(12,15]",new_credit_ratio,8713,0,0.6174799385018757,0.32734677566158576,0.0,1.0,10.62779754389992,0.0,0.4,0.6923076923076923,0.8666666666666667,1.0,1.0
"any_available/load=(12,15]",other_previous_ratio,8713,0,0.10663764545993636,0.19326559226389328,0.0,1.0,69.13806955124527,0.0,0.0,0.0,0.2,0.4,0.5384615384615384
"any_available/load=(12,15]",failed_backlog_consumption_ratio,6593,2120,0.622581232092159,0.42396571716553355,0.0,1.0,25.02654330350372,0.0,0.0,0.8333333333333334,1.0,1.0,1.0
"any_available/load=(12,15]",withdrawn_backlog_consumption_ratio,5681,3032,0.32463205599832,0.4021975176532488,0.0,1.0,53.08924485125858,0.0,0.0,0.0,0.6,1.0,1.0
"any_available/load=(15,18]",available_failed_credits,16943,0,3.4696334769521338,3.9892143456740983,0.0,43.0,31.116095142536743,0.0,0.0,3.0,5.0,8.0,11.0
"any_available/load=(15,18]",available_withdrawn_credits,16943,0,3.2733872395679633,4.008826808463721,0.0,42.5,34.332762792893824,0.0,0.0,2.0,5.0,8.0,11.0
"any_available/load=(15,18]",registered_failed_retake_credits,16943,0,1.6764150386590333,2.4620265059424473,0.0,18.0,57.95903913120463,0.0,0.0,0.0,3.0,5.0,7.0
"any_available/load=(15,18]",registered_withdrawn_retake_credits,16943,0,1.0999527828601783,2.173401414390853,0.0,18.0,71.07950185917488,0.0,0.0,0.0,2.0,3.0,5.0
"any_available/load=(15,18]",registered_new_credits,16943,0,14.169627574809656,3.6024148692855458,0.0,18.0,0.7259635247594878,9.0,13.0,15.0,17.0,18.0,18.0
"any_available/load=(15,18]",registered_other_previous_credits,16943,0,0.32355545062857816,1.327069162350107,0.0,18.0,91.91996694800213,0.0,0.0,0.0,0.0,0.0,3.0
"any_available/load=(15,18]",semester_total_registered_credits,16943,0,17.269550846957447,0.7628009326001554,15.5,18.0,0.0,16.0,17.0,17.0,18.0,18.0,18.0
"any_available/load=(15,18]",failed_retake_ratio,16943,0,0.0974310775144986,0.14372780400945312,0.0,1.0,57.95903913120463,0.0,0.0,0.0,0.1764705882352941,0.2941176470588235,0.3888888888888889
"any_available/load=(15,18]",withdrawn_retake_ratio,16943,0,0.06395029656712484,0.12665298376174114,0.0,1.0,71.07950185917488,0.0,0.0,0.0,0.1176470588235294,0.1875,0.3125
"any_available/load=(15,18]",previously_attempted_ratio,16943,0,0.16138137408162342,0.18135799149513177,0.0,1.0,38.39933896004249,0.0,0.0,0.1666666666666666,0.2352941176470588,0.3888888888888889,0.5294117647058824
"any_available/load=(15,18]",new_credit_ratio,16943,0,0.8195885017660061,0.2037555656515525,0.0,1.0,0.7259635247594878,0.5294117647058824,0.7312834224598931,0.8333333333333334,1.0,1.0,1.0
"any_available/load=(15,18]",other_previous_ratio,16943,0,0.019030124152370455,0.07827682061300889,0.0,1.0,91.91996694800213,0.0,0.0,0.0,0.0,0.0,0.1666666666666666
"any_available/load=(15,18]",failed_backlog_consumption_ratio,11671,5272,0.49943932487748843,0.44934905661590663,0.0,1.0,38.968383171964696,0.0,0.0,0.5,1.0,1.0,1.0
"any_available/load=(15,18]",withdrawn_backlog_consumption_ratio,11126,5817,0.3214603280922128,0.4097587126114215,0.0,1.0,55.95901492000719,0.0,0.0,0.0,0.6666666666666666,1.0,1.0
any_available/load=<=12,available_failed_credits,19561,0,4.57164766627473,4.648093347674628,0.0,55.0,23.950718265937322,0.0,1.0,3.0,6.0,10.0,13.0
any_available/load=<=12,available_withdrawn_credits,19561,0,3.3420326159194316,4.40792174030691,0.0,70.5,38.88349266397423,0.0,0.0,2.0,5.0,9.0,12.0
any_available/load=<=12,registered_failed_retake_credits,19561,0,1.934103573436941,2.5663741053034723,0.0,12.0,53.591329686621336,0.0,0.0,0.0,3.0,6.0,7.0
any_available/load=<=12,registered_withdrawn_retake_credits,19561,0,0.6527784878073718,1.565944305834941,0.0,12.0,81.19216808956597,0.0,0.0,0.0,0.0,3.0,4.0
any_available/load=<=12,registered_new_credits,19561,0,4.339885486427074,3.3947098967967038,0.0,12.0,26.02116456213895,0.0,0.0,4.5,7.0,9.0,9.0
any_available/load=<=12,registered_other_previous_credits,19561,0,0.6780072593425694,1.7037291997984503,0.0,12.0,82.45488471959511,0.0,0.0,0.0,0.0,3.0,4.0
any_available/load=<=12,semester_total_registered_credits,19561,0,7.604774807013956,2.8595578800895165,1.0,12.0,0.0,4.0,6.0,8.0,9.0,12.0,12.0
any_available/load=<=12,failed_retake_ratio,19561,0,0.2687209064883579,0.34752876091625096,0.0,1.0,53.591329686621336,0.0,0.0,0.0,0.5,1.0,1.0
any_available/load=<=12,withdrawn_retake_ratio,19561,0,0.09003605441914325,0.21809827214625718,0.0,1.0,81.19216808956597,0.0,0.0,0.0,0.0,0.4,0.5714285714285714
any_available/load=<=12,previously_attempted_ratio,19561,0,0.3587569609075012,0.3659641186300474,0.0,1.0,40.008179540923265,0.0,0.0,0.3333333333333333,0.6,1.0,1.0
any_available/load=<=12,new_credit_ratio,19561,0,0.5586773880121411,0.40263387651071164,0.0,1.0,26.02116456213895,0.0,0.0,0.6,1.0,1.0,1.0
any_available/load=<=12,other_previous_ratio,19561,0,0.08256565108035771,0.20890764031996273,0.0,1.0,82.45488471959511,0.0,0.0,0.0,0.0,0.3333333333333333,0.5
any_available/load=<=12,failed_backlog_consumption_ratio,14876,4685,0.4616801205228214,0.43339860752496595,0.0,1.0,38.975531056735676,0.0,0.0,0.4285714285714285,1.0,1.0,1.0
any_available/load=<=12,withdrawn_backlog_consumption_ratio,11955,7606,0.20299729229006916,0.35182448788764303,0.0,1.0,69.22626516102049,0.0,0.0,0.0,0.3333333333333333,1.0,1.0
any_available/load=>18,available_failed_credits,6048,0,5.442791005291006,6.675741234740276,0.0,65.5,30.37367724867725,0.0,0.0,4.0,8.0,13.0,18.0
any_available/load=>18,available_withdrawn_credits,6048,0,3.141286375661376,4.445711348600074,0.0,50.5,44.60978835978836,0.0,0.0,2.0,4.5,8.0,11.824999999999818
any_available/load=>18,registered_failed_retake_credits,6048,0,2.2153604497354498,4.247962634149584,0.0,27.0,64.58333333333334,0.0,0.0,0.0,4.0,6.0,10.0
any_available/load=>18,registered_withdrawn_retake_credits,6048,0,1.0108300264550265,2.2870180515815415,0.0,21.0,77.84391534391534,0.0,0.0,0.0,0.0,4.0,6.0
any_available/load=>18,registered_new_credits,6048,0,18.349123677248677,5.520675023309779,0.0,39.0,2.314814814814815,11.5,16.0,19.0,22.125,24.0,25.0
any_available/load=>18,registered_other_previous_credits,6048,0,0.5233961640211641,1.9448506613758065,0.0,25.0,90.52579365079364,0.0,0.0,0.0,0.0,0.0,4.0
any_available/load=>18,semester_total_registered_credits,6048,0,22.098710317460316,2.301920378772774,18.5,39.0,0.0,19.0,20.0,22.0,24.0,25.0,25.0
any_available/load=>18,failed_retake_ratio,6048,0,0.10027259379327987,0.18683157605290157,0.0,1.0,64.58333333333334,0.0,0.0,0.0,0.1739130434782608,0.2857142857142857,0.4468085106382978
any_available/load=>18,withdrawn_retake_ratio,6048,0,0.0469130219937424,0.10588749072125295,0.0,1.0,77.84391534391534,0.0,0.0,0.0,0.0,0.1956521739130435,0.25
any_available/load=>18,previously_attempted_ratio,6048,0,0.14718561578702224,0.20667130526478178,0.0,1.0,48.19775132275132,0.0,0.0,0.0851063829787234,0.2105263157894736,0.4,0.5633913043478241
any_available/load=>18,new_credit_ratio,6048,0,0.8288780003688516,0.22559526352476708,0.0,1.0,2.314814814814815,0.5315240990013027,0.7551020408163265,0.8960863697705803,1.0,1.0,1.0
any_available/load=>18,other_previous_ratio,6048,0,0.023936383844126063,0.08896367548585378,0.0,1.0,90.52579365079364,0.0,0.0,0.0,0.0,0.0,0.2
any_available/load=>18,failed_backlog_consumption_ratio,4211,1837,0.39321255979170483,0.4359899475866455,0.0,1.0,49.13322251246734,0.0,0.0,0.1666666666666666,1.0,1.0,1.0
any_available/load=>18,withdrawn_backlog_consumption_ratio,3350,2698,0.31203780993519475,0.4209931884532328,0.0,1.0,60.0,0.0,0.0,0.0,0.6666666666666666,1.0,1.0
"failed_available_and_repeated/load=(12,15]",available_failed_credits,4953,0,6.486371895820715,4.672824066261668,1.0,58.0,0.0,2.0,3.0,5.0,9.0,12.0,15.0
"failed_available_and_repeated/load=(12,15]",available_withdrawn_credits,4953,0,3.047042196648496,4.225483768658503,0.0,36.5,46.638400969109625,0.0,0.0,2.0,5.0,9.0,12.0
"failed_available_and_repeated/load=(12,15]",registered_failed_retake_credits,4953,0,4.696244700181708,2.725502212152057,0.0,15.0,0.20189783969311528,2.0,3.0,4.0,6.0,9.0,10.0
"failed_available_and_repeated/load=(12,15]",registered_withdrawn_retake_credits,4953,0,0.8177871996769634,1.7484012399162852,0.0,12.0,77.4076317383404,0.0,0.0,0.0,0.0,3.0,4.0
"failed_available_and_repeated/load=(12,15]",registered_new_credits,4953,0,6.586412275388653,4.141809646256895,0.0,15.0,15.949929335756108,0.0,3.0,7.0,10.0,12.0,12.0
"failed_available_and_repeated/load=(12,15]",registered_other_previous_credits,4953,0,2.0179689077326874,2.810643599048936,0.0,14.0,56.85443165758126,0.0,0.0,0.0,3.0,6.0,8.0
"failed_available_and_repeated/load=(12,15]",semester_total_registered_credits,4953,0,14.118413082980013,0.8185304326847369,12.5,15.0,0.0,13.0,13.0,14.0,15.0,15.0,15.0
"failed_available_and_repeated/load=(12,15]",failed_retake_ratio,4953,0,0.3344415454268765,0.19703878984829268,0.0,1.0,0.20189783969311528,0.1428571428571428,0.2,0.2666666666666666,0.4285714285714285,0.6153846153846154,0.7333333333333333
"failed_available_and_repeated/load=(12,15]",withdrawn_retake_ratio,4953,0,0.05810127584739975,0.12434012665933647,0.0,0.8571428571428571,77.4076317383404,0.0,0.0,0.0,0.0,0.2142857142857142,0.3076923076923077
"failed_available_and_repeated/load=(12,15]",previously_attempted_ratio,4953,0,0.3925428212742762,0.2205970638882065,0.0,1.0,0.16151827175449224,0.1538461538461538,0.2,0.3571428571428571,0.5384615384615384,0.7142857142857143,0.8
"failed_available_and_repeated/load=(12,15]",new_credit_ratio,4953,0,0.4623989616183828,0.28684452370242036,0.0,1.0,15.949929335756108,0.0,0.2142857142857142,0.4666666666666667,0.7333333333333333,0.8,0.8571428571428571
"failed_available_and_repeated/load=(12,15]",other_previous_ratio,4953,0,0.14505821710734093,0.20207243393801286,0.0,0.9333333333333332,56.85443165758126,0.0,0.0,0.0,0.2307692307692307,0.4285714285714285,0.5714285714285714
"failed_available_and_repeated/load=(12,15]",failed_backlog_consumption_ratio,4953,0,0.8287256335924903,0.26154110014568877,0.0,1.0,0.20189783969311528,0.4,0.625,1.0,1.0,1.0,1.0
"failed_available_and_repeated/load=(12,15]",withdrawn_backlog_consumption_ratio,2643,2310,0.28112144674039924,0.3851329531434776,0.0,1.0,57.66174801362089,0.0,0.0,0.0,0.5,1.0,1.0
"failed_available_and_repeated/load=(15,18]",available_failed_credits,7134,0,5.7028315110737315,4.217128472148616,1.0,43.0,0.0,2.0,3.0,4.0,7.0,11.0,14.0
"failed_available_and_repeated/load=(15,18]",available_withdrawn_credits,7134,0,2.6126296607793664,3.7292301037008286,0.0,36.0,49.383235211662466,0.0,0.0,1.0,4.0,7.0,10.0
"failed_available_and_repeated/load=(15,18]",registered_failed_retake_credits,7134,0,3.9814269694421083,2.2844413404531867,0.0,18.0,0.1541911970843846,2.0,3.0,3.0,5.0,7.0,9.0
"failed_available_and_repeated/load=(15,18]",registered_withdrawn_retake_credits,7134,0,0.7871460611157836,1.701408002277849,0.0,14.0,77.72638071208299,0.0,0.0,0.0,0.0,3.0,4.0
"failed_available_and_repeated/load=(15,18]",registered_new_credits,7134,0,12.024950939164563,3.4302559974677234,0.0,18.0,1.233529576675077,7.0,11.0,13.0,15.0,15.0,16.0
"failed_available_and_repeated/load=(15,18]",registered_other_previous_credits,7134,0,0.4646761984861228,1.5439765244081678,0.0,14.0,88.6178861788618,0.0,0.0,0.0,0.0,2.0,3.0
"failed_available_and_repeated/load=(15,18]",semester_total_registered_credits,7134,0,17.258200168208578,0.7695209710636501,15.5,18.0,0.0,16.0,17.0,17.0,18.0,18.0,18.0
"failed_available_and_repeated/load=(15,18]",failed_retake_ratio,7134,0,0.2313953947754626,0.13439561038769382,0.0,1.0,0.1541911970843846,0.1111111111111111,0.1666666666666666,0.1764705882352941,0.2777777777777778,0.4117647058823529,0.5
"failed_available_and_repeated/load=(15,18]",withdrawn_retake_ratio,7134,0,0.04578255088655015,0.09926364224610852,0.0,0.8235294117647058,77.72638071208299,0.0,0.0,0.0,0.0,0.1764705882352941,0.2352941176470588
"failed_available_and_repeated/load=(15,18]",previously_attempted_ratio,7134,0,0.2771779456620127,0.165166702100433,0.0,1.0,0.112139052425007,0.1176470588235294,0.1666666666666666,0.2222222222222222,0.3529411764705882,0.5,0.625
"failed_available_and_repeated/load=(15,18]",new_credit_ratio,7134,0,0.6953545533644745,0.1936433105550251,0.0,1.0,1.233529576675077,0.4117647058823529,0.6111111111111112,0.7647058823529411,0.8333333333333334,0.8823529411764706,0.8888888888888888
"failed_available_and_repeated/load=(15,18]",other_previous_ratio,7134,0,0.027467500973512752,0.09144652515252477,0.0,0.875,88.6178861788618,0.0,0.0,0.0,0.0,0.1111111111111111,0.1875
"failed_available_and_repeated/load=(15,18]",failed_backlog_consumption_ratio,7134,0,0.8170670536368331,0.26605332316059066,0.0,1.0,0.1541911970843846,0.4,0.6,1.0,1.0,1.0,1.0
"failed_available_and_repeated/load=(15,18]",withdrawn_backlog_consumption_ratio,3611,3523,0.3045060048965319,0.3961631770781595,0.0,1.0,55.99556909443367,0.0,0.0,0.0,0.6,1.0,1.0
failed_available_and_repeated/load=<=12,available_failed_credits,9090,0,6.670847084708471,4.632858890861539,1.0,55.0,0.0,2.0,3.0,6.0,9.0,12.0,15.0
failed_available_and_repeated/load=<=12,available_withdrawn_credits,9090,0,2.57981298129813,3.7934390680251733,0.0,33.0,51.26512651265126,0.0,0.0,0.0,4.0,7.0,10.0
failed_available_and_repeated/load=<=12,registered_failed_retake_credits,9090,0,4.162046204620462,2.213636757212179,0.0,12.0,0.132013201320132,2.0,3.0,3.0,6.0,7.0,9.0
failed_available_and_repeated/load=<=12,registered_withdrawn_retake_credits,9090,0,0.3586358635863586,1.1003578711861495,0.0,9.0,88.72387238723873,0.0,0.0,0.0,0.0,2.0,3.0
failed_available_and_repeated/load=<=12,registered_new_credits,9090,0,2.5692519251925194,2.740593809719039,0.0,12.0,43.83938393839384,0.0,0.0,2.0,5.0,6.0,8.0
failed_available_and_repeated/load=<=12,registered_other_previous_credits,9090,0,0.916996699669967,1.8614581103563403,0.0,10.0,75.57755775577559,0.0,0.0,0.0,0.0,3.0,5.0
failed_available_and_repeated/load=<=12,semester_total_registered_credits,9090,0,8.006930693069307,3.114672409577453,1.0,12.0,0.0,4.0,6.0,8.0,12.0,12.0,12.0
failed_available_and_repeated/load=<=12,failed_retake_ratio,9090,0,0.5782672884289075,0.2844230979591825,0.0,1.0,0.132013201320132,0.25,0.3333333333333333,0.5,0.9166666666666666,1.0,1.0
failed_available_and_repeated/load=<=12,withdrawn_retake_ratio,9090,0,0.039273994859803436,0.12050220011392034,0.0,0.9,88.72387238723873,0.0,0.0,0.0,0.0,0.2,0.3333333333333333
failed_available_and_repeated/load=<=12,previously_attempted_ratio,9090,0,0.617541283288711,0.28297080712201994,0.0,1.0,0.09900990099009901,0.25,0.375,0.5714285714285714,1.0,1.0,1.0
failed_available_and_repeated/load=<=12,new_credit_ratio,9090,0,0.288986146513811,0.2880129512620162,0.0,1.0,43.83938393839384,0.0,0.0,0.25,0.5555555555555556,0.6666666666666666,0.75
failed_available_and_repeated/load=<=12,other_previous_ratio,9090,0,0.09347257019747797,0.1833868597374622,0.0,1.0,75.57755775577559,0.0,0.0,0.0,0.0,0.4166666666666667,0.5
failed_available_and_repeated/load=<=12,failed_backlog_consumption_ratio,9090,0,0.7555504370624304,0.29214763551631556,0.0,1.0,0.132013201320132,0.3076923076923077,0.5,1.0,1.0,1.0,1.0
failed_available_and_repeated/load=<=12,withdrawn_backlog_consumption_ratio,4430,4660,0.15008995491089072,0.31383997300626737,0.0,1.0,76.86230248306998,0.0,0.0,0.0,0.0,0.7014285714285701,1.0
failed_available_and_repeated/load=>18,available_failed_credits,2143,0,9.501166588894074,8.099225536269579,1.0,65.5,0.0,3.0,4.0,7.0,12.0,20.0,25.5
failed_available_and_repeated/load=>18,available_withdrawn_credits,2143,0,2.4176388240783946,4.260605663759407,0.0,34.0,61.96920205319645,0.0,0.0,0.0,4.0,8.0,11.0
failed_available_and_repeated/load=>18,registered_failed_retake_credits,2143,0,6.25221651889874,5.068689103743551,0.0,27.0,0.04666355576294914,2.0,4.0,4.5,7.0,11.5,23.69999999999959
failed_available_and_repeated/load=>18,registered_withdrawn_retake_credits,2143,0,0.7512832477834811,1.9753303416092385,0.0,17.0,83.71441903873075,0.0,0.0,0.0,0.0,4.0,5.0
failed_available_and_repeated/load=>18,registered_new_credits,2143,0,14.264115725618293,5.6233104319809515,0.0,27.0,6.252916472235184,6.0,12.0,15.5,18.0,20.0,21.0
failed_available_and_repeated/load=>18,registered_other_previous_credits,2143,0,0.7004199720018666,2.0412608493985296,0.0,18.0,86.09426038264115,0.0,0.0,0.0,0.0,3.0,5.0
failed_available_and_repeated/load=>18,semester_total_registered_credits,2143,0,21.96803546430238,2.1626833055198325,18.5,39.0,0.0,19.0,20.0,22.0,24.0,24.5,25.0
failed_available_and_repeated/load=>18,failed_retake_ratio,2143,0,0.28299050268864046,0.21635700987805861,0.0,1.0,0.04666355576294914,0.10051282051282055,0.1632653061224489,0.2083333333333333,0.3186653771760155,0.5384615384615384,1.0
failed_available_and_repeated/load=>18,withdrawn_retake_ratio,2143,0,0.03419879650108493,0.08931264919129445,0.0,0.6938775510204082,83.71441903873075,0.0,0.0,0.0,0.0,0.1739130434782608,0.23237924865831816
failed_available_and_repeated/load=>18,previously_attempted_ratio,2143,0,0.3171892991897254,0.22885249938538704,0.0,1.0,0.04666355576294914,0.10583214793741111,0.1739130434782608,0.2307692307692307,0.4,0.6190476190476191,1.0
failed_available_and_repeated/load=>18,new_credit_ratio,2143,0,0.6500845185306392,0.242886011116231,0.0,1.0,6.252916472235184,0.28710801393728236,0.55,0.7446808510638298,0.8163265306122449,0.88,0.9047619047619048
failed_available_and_repeated/load=>18,other_previous_ratio,2143,0,0.032726182279635425,0.09603481129154942,0.0,0.8571428571428571,86.09426038264115,0.0,0.0,0.0,0.0,0.15,0.2448979591836734
failed_available_and_repeated/load=>18,failed_backlog_consumption_ratio,2143,0,0.7726635974255105,0.28334187225434226,0.0,1.0,0.04666355576294914,0.3333333333333333,0.5067299396031062,1.0,1.0,1.0,1.0
failed_available_and_repeated/load=>18,withdrawn_backlog_consumption_ratio,815,1328,0.3198151743500025,0.4156862704011702,0.0,1.0,57.17791411042945,0.0,0.0,0.0,0.6666666666666666,1.0,1.0
"withdrawn_available_and_repeated/load=(12,15]",available_failed_credits,2666,0,3.3422730682670667,4.10303168127707,0.0,58.0,40.54763690922731,0.0,0.0,3.0,5.0,9.0,11.0
"withdrawn_available_and_repeated/load=(12,15]",available_withdrawn_credits,2666,0,7.300075018754689,5.904189372976495,1.0,77.5,0.0,2.0,3.0,6.0,10.0,15.0,18.0
"withdrawn_available_and_repeated/load=(12,15]",registered_failed_retake_credits,2666,0,1.7520630157539385,2.497624661678401,0.0,14.0,58.1020255063766,0.0,0.0,0.0,3.0,6.0,7.0
"withdrawn_available_and_repeated/load=(12,15]",registered_withdrawn_retake_credits,2666,0,3.9519879969992497,2.511986608604252,0.0,15.0,0.037509377344336084,2.0,3.0,3.0,5.0,7.0,9.0
"withdrawn_available_and_repeated/load=(12,15]",registered_new_credits,2666,0,7.4411102775693925,4.107525437639423,0.0,14.0,10.615153788447111,0.0,4.0,8.0,11.0,12.0,13.0
"withdrawn_available_and_repeated/load=(12,15]",registered_other_previous_credits,2666,0,1.0168792198049512,2.069590458540552,0.0,13.0,74.90622655663915,0.0,0.0,0.0,1.0,4.0,6.0
"withdrawn_available_and_repeated/load=(12,15]",semester_total_registered_credits,2666,0,14.162040510127532,0.8039532949258331,12.5,15.0,0.0,13.0,13.0,14.0,15.0,15.0,15.0
"withdrawn_available_and_repeated/load=(12,15]",failed_retake_ratio,2666,0,0.12452078168377932,0.1777144814451987,0.0,0.9333333333333332,58.1020255063766,0.0,0.0,0.0,0.2142857142857142,0.4,0.5
"withdrawn_available_and_repeated/load=(12,15]",withdrawn_retake_ratio,2666,0,0.2802980181700724,0.18006558126148411,0.0,1.0,0.037509377344336084,0.1333333333333333,0.2,0.2142857142857142,0.3333333333333333,0.5333333333333333,0.6923076923076923
"withdrawn_available_and_repeated/load=(12,15]",previously_attempted_ratio,2666,0,0.40481879985385166,0.23655069887152483,0.0,1.0,0.037509377344336084,0.1428571428571428,0.2,0.37087912087912084,0.5714285714285714,0.7857142857142857,0.8571428571428571
"withdrawn_available_and_repeated/load=(12,15]",new_credit_ratio,2666,0,0.5218844747395851,0.2837470638188653,0.0,1.0,10.615153788447111,0.0,0.2857142857142857,0.6,0.7857142857142857,0.8571428571428571,0.8666666666666667
"withdrawn_available_and_repeated/load=(12,15]",other_previous_ratio,2666,0,0.0732967254065632,0.1494074070113478,0.0,0.9230769230769232,74.90622655663915,0.0,0.0,0.0,0.0666666666666666,0.2857142857142857,0.4
"withdrawn_available_and_repeated/load=(12,15]",failed_backlog_consumption_ratio,1585,1081,0.5597907837796138,0.4298821708919377,0.0,1.0,29.526813880126184,0.0,0.0,0.6,1.0,1.0,1.0
"withdrawn_available_and_repeated/load=(12,15]",withdrawn_backlog_consumption_ratio,2666,0,0.6917609565365551,0.30118034710442576,0.0,1.0,0.037509377344336084,0.2727272727272727,0.4285714285714285,0.6666666666666666,1.0,1.0,1.0
"withdrawn_available_and_repeated/load=(15,18]",available_failed_credits,4901,0,2.7240359110385635,3.869240514245332,0.0,30.0,47.745358090185675,0.0,0.0,2.0,4.0,7.0,11.0
"withdrawn_available_and_repeated/load=(15,18]",available_withdrawn_credits,4901,0,6.361456845541726,4.837342608273781,1.0,42.5,0.0,2.0,3.0,5.0,8.0,13.0,17.0
"withdrawn_available_and_repeated/load=(15,18]",registered_failed_retake_credits,4901,0,1.2484186900632523,2.1569441840794776,0.0,14.0,67.61885329524587,0.0,0.0,0.0,3.0,4.0,6.0
"withdrawn_available_and_repeated/load=(15,18]",registered_withdrawn_retake_credits,4901,0,3.8025913078963476,2.4603283790446744,0.0,18.0,0.020403999183840033,2.0,3.0,3.0,4.0,6.0,9.0
"withdrawn_available_and_repeated/load=(15,18]",registered_new_credits,4901,0,11.873291165068354,3.543816512200424,0.0,17.0,1.4078759436849622,7.0,10.0,13.0,14.0,15.0,16.0
"withdrawn_available_and_repeated/load=(15,18]",registered_other_previous_credits,4901,0,0.3116710875331565,1.2135857153613852,0.0,13.0,91.43032034278718,0.0,0.0,0.0,0.0,0.0,3.0
"withdrawn_available_and_repeated/load=(15,18]",semester_total_registered_credits,4901,0,17.23597225056111,0.7694217404908802,15.5,18.0,0.0,16.0,17.0,17.0,18.0,18.0,18.0
"withdrawn_available_and_repeated/load=(15,18]",failed_retake_ratio,4901,0,0.07259662985412813,0.12556746186655912,0.0,0.7777777777777778,67.61885329524587,0.0,0.0,0.0,0.1666666666666666,0.2352941176470588,0.3333333333333333
"withdrawn_available_and_repeated/load=(15,18]",withdrawn_retake_ratio,4901,0,0.22107934599812198,0.14393548556248906,0.0,1.0,0.020403999183840033,0.1111111111111111,0.1666666666666666,0.1764705882352941,0.2352941176470588,0.375,0.5294117647058824
"withdrawn_available_and_repeated/load=(15,18]",previously_attempted_ratio,4901,0,0.2936759758522501,0.1852065777790059,0.0555555555555555,1.0,0.0,0.1176470588235294,0.1666666666666666,0.2222222222222222,0.375,0.5555555555555556,0.6666666666666666
"withdrawn_available_and_repeated/load=(15,18]",new_credit_ratio,4901,0,0.6880533220455909,0.2020159340333808,0.0,0.9444444444444444,1.4078759436849622,0.3888888888888889,0.6111111111111112,0.7647058823529411,0.8333333333333334,0.8823529411764706,0.8888888888888888
"withdrawn_available_and_repeated/load=(15,18]",other_previous_ratio,4901,0,0.01827070210215887,0.07130863381449216,0.0,0.7647058823529411,91.43032034278718,0.0,0.0,0.0,0.0,0.0,0.1666666666666666
"withdrawn_available_and_repeated/load=(15,18]",failed_backlog_consumption_ratio,2561,2340,0.4943160077056863,0.4432925498992851,0.0,1.0,38.032018742678645,0.0,0.0,0.5,1.0,1.0,1.0
"withdrawn_available_and_repeated/load=(15,18]",withdrawn_backlog_consumption_ratio,4901,0,0.7297628260261088,0.28841244352906814,0.0,1.0,0.020403999183840033,0.3333333333333333,0.5,0.8,1.0,1.0,1.0
withdrawn_available_and_repeated/load=<=12,available_failed_credits,3680,0,2.928804347826087,4.140484453337043,0.0,55.0,47.58152173913043,0.0,0.0,2.0,5.0,8.0,10.0
withdrawn_available_and_repeated/load=<=12,available_withdrawn_credits,3680,0,7.230163043478261,5.823443167409498,1.0,70.5,0.0,2.0,3.0,6.0,9.0,15.0,19.0
withdrawn_available_and_repeated/load=<=12,registered_failed_retake_credits,3680,0,1.0054347826086956,1.8602939223869897,0.0,10.0,72.20108695652175,0.0,0.0,0.0,2.0,3.0,6.0
withdrawn_available_and_repeated/load=<=12,registered_withdrawn_retake_credits,3680,0,3.469836956521739,1.8055554315680196,0.0,12.0,0.02717391304347826,2.0,2.0,3.0,4.0,6.0,7.0
withdrawn_available_and_repeated/load=<=12,registered_new_credits,3680,0,3.1275815217391303,2.738927918321746,0.0,11.0,30.59782608695652,0.0,0.0,3.0,5.0,7.0,9.0
withdrawn_available_and_repeated/load=<=12,registered_other_previous_credits,3680,0,0.5171195652173913,1.424833287090804,0.0,11.0,85.29891304347827,0.0,0.0,0.0,0.0,3.0,3.0
withdrawn_available_and_repeated/load=<=12,semester_total_registered_credits,3680,0,8.119972826086956,2.8953047066227877,1.0,12.0,0.0,4.0,6.0,8.0,12.0,12.0,12.0
withdrawn_available_and_repeated/load=<=12,failed_retake_ratio,3680,0,0.1073083023558567,0.1919630447212144,0.0,0.8333333333333334,72.20108695652175,0.0,0.0,0.0,0.1666666666666666,0.4499999999999949,0.5
withdrawn_available_and_repeated/load=<=12,withdrawn_retake_ratio,3680,0,0.4785856686121905,0.2586350367296994,0.0,1.0,0.02717391304347826,0.2222222222222222,0.25,0.4166666666666667,0.6,1.0,1.0
withdrawn_available_and_repeated/load=<=12,previously_attempted_ratio,3680,0,0.5858939709680472,0.27444343418227113,0.0833333333333333,1.0,0.0,0.25,0.375,0.5,0.75,1.0,1.0
withdrawn_available_and_repeated/load=<=12,new_credit_ratio,3680,0,0.3627385891047302,0.28654107122006733,0.0,0.9166666666666666,30.59782608695652,0.0,0.0,0.4,0.625,0.75,0.7777777777777778
withdrawn_available_and_repeated/load=<=12,other_previous_ratio,3680,0,0.051367439927222536,0.13810092948308844,0.0,0.9166666666666666,85.29891304347827,0.0,0.0,0.0,0.0,0.25,0.375
withdrawn_available_and_repeated/load=<=12,failed_backlog_consumption_ratio,1929,1751,0.40038739132601686,0.4367427233565163,0.0,1.0,46.96734059097978,0.0,0.0,0.2,1.0,1.0,1.0
withdrawn_available_and_repeated/load=<=12,withdrawn_backlog_consumption_ratio,3680,0,0.6594653884042871,0.3179422455203663,0.0,1.0,0.02717391304347826,0.23980952380952386,0.375,0.6,1.0,1.0,1.0
withdrawn_available_and_repeated/load=>18,available_failed_credits,1340,0,3.4884328358208956,5.463851655502257,0.0,44.0,55.07462686567164,0.0,0.0,0.0,5.0,10.5,14.5
withdrawn_available_and_repeated/load=>18,available_withdrawn_credits,1340,0,7.187313432835821,5.871252754600837,1.0,50.5,0.0,2.0,4.0,5.0,9.0,14.550000000000068,19.024999999999977
withdrawn_available_and_repeated/load=>18,registered_failed_retake_credits,1340,0,1.410820895522388,2.8971146699372192,0.0,24.0,73.955223880597,0.0,0.0,0.0,2.0,5.0,8.0
withdrawn_available_and_repeated/load=>18,registered_withdrawn_retake_credits,1340,0,4.562313432835821,2.7213847390533297,1.0,21.0,0.0,2.0,3.0,4.0,5.0,8.0,10.0
withdrawn_available_and_repeated/load=>18,registered_new_credits,1340,0,15.20634328358209,4.525770213836123,0.0,36.0,0.9701492537313432,9.0,13.0,16.0,18.0,20.0,21.0
withdrawn_available_and_repeated/load=>18,registered_other_previous_credits,1340,0,0.4208955223880597,1.5595270642752472,0.0,14.0,91.04477611940298,0.0,0.0,0.0,0.0,0.0,4.0
withdrawn_available_and_repeated/load=>18,semester_total_registered_credits,1340,0,21.600373134328358,2.166216577231342,18.5,39.0,0.0,19.0,20.0,21.0,23.0,24.5,25.0
withdrawn_available_and_repeated/load=>18,failed_retake_ratio,1340,0,0.06441376409875472,0.1318066855199669,0.0,0.8947368421052632,73.955223880597,0.0,0.0,0.0,0.09357696566998885,0.238095238095238,0.3479347826086955
withdrawn_available_and_repeated/load=>18,withdrawn_retake_ratio,1340,0,0.2117387738941448,0.1253343018794331,0.0476190476190476,1.0,0.0,0.0952380952380952,0.1363636363636363,0.1904761904761904,0.2448979591836734,0.3809523809523809,0.4683650615901453
withdrawn_available_and_repeated/load=>18,previously_attempted_ratio,1340,0,0.2761525379928995,0.18138494517611498,0.0476190476190476,1.0,0.0,0.1,0.15,0.2105263157894736,0.3636363636363636,0.5240601503759402,0.6500581395348837
withdrawn_available_and_repeated/load=>18,new_credit_ratio,1340,0,0.7041381820356825,0.19546270036619817,0.0,0.9523809523809524,0.9701492537313432,0.4038297872340425,0.6086956521739131,0.782608695652174,0.8421052631578947,0.895006747638327,0.9091919191919192
withdrawn_available_and_repeated/load=>18,other_previous_ratio,1340,0,0.019709279971417863,0.07357122890781198,0.0,0.6666666666666666,91.04477611940298,0.0,0.0,0.0,0.0,0.0,0.1739130434782608
withdrawn_available_and_repeated/load=>18,failed_backlog_consumption_ratio,602,738,0.424149222213723,0.42438956592861615,0.0,1.0,42.0265780730897,0.0,0.0,0.34789915966386553,1.0,1.0,1.0
withdrawn_available_and_repeated/load=>18,withdrawn_backlog_consumption_ratio,1340,0,0.7800945248379869,0.279079808683507,0.08,1.0,0.0,0.3333333333333333,0.5172672672672672,1.0,1.0,1.0,1.0
"policy_reference_any/load=(12,15]",available_failed_credits,6013,0,3.8768501579910195,4.414798451375351,0.0,40.0,30.849825378346914,0.0,0.0,3.0,6.0,10.0,13.0
"policy_reference_any/load=(12,15]",available_withdrawn_credits,6013,0,3.8051721270580408,4.765780055639436,0.0,77.5,31.681357059703974,0.0,0.0,3.0,5.0,9.0,13.0
"policy_reference_any/load=(12,15]",registered_failed_retake_credits,6013,0,2.134874438716115,3.0145085196656187,0.0,15.0,53.36770330949609,0.0,0.0,0.0,3.0,6.0,9.0
"policy_reference_any/load=(12,15]",registered_withdrawn_retake_credits,6013,0,1.3316148345251955,2.437961448548816,0.0,15.0,66.92166971561616,0.0,0.0,0.0,2.0,4.0,6.0
"policy_reference_any/load=(12,15]",registered_new_credits,6013,0,10.838267087976051,3.7628901267904244,0.0,15.0,3.0434059537668383,6.0,9.0,12.0,14.0,15.0,15.0
"policy_reference_any/load=(12,15]",registered_other_previous_credits,6013,0,0.0,0.0,0.0,0.0,100.0,0.0,0.0,0.0,0.0,0.0,0.0
"policy_reference_any/load=(12,15]",semester_total_registered_credits,6013,0,14.304756361217363,0.7702990372562689,12.5,15.0,0.0,13.0,14.0,14.0,15.0,15.0,15.0
"policy_reference_any/load=(12,15]",failed_retake_ratio,6013,0,0.15065467902642526,0.21459477294534546,0.0,1.0,53.36770330949609,0.0,0.0,0.0,0.2142857142857142,0.4615384615384615,0.6
"policy_reference_any/load=(12,15]",withdrawn_retake_ratio,6013,0,0.09395867564009003,0.17293309127343012,0.0,1.0,66.92166971561616,0.0,0.0,0.0,0.1538461538461538,0.2857142857142857,0.4285714285714285
"policy_reference_any/load=(12,15]",previously_attempted_ratio,6013,0,0.24461335466651535,0.2563815615386217,0.0,1.0,31.980708464992517,0.0,0.0,0.2,0.3846153846153846,0.6,0.8
"policy_reference_any/load=(12,15]",new_credit_ratio,6013,0,0.7553866453334845,0.2563815615386217,0.0,1.0,3.0434059537668383,0.4,0.6153846153846154,0.8,1.0,1.0,1.0
"policy_reference_any/load=(12,15]",other_previous_ratio,6013,0,0.0,0.0,0.0,0.0,100.0,0.0,0.0,0.0,0.0,0.0,0.0
"policy_reference_any/load=(12,15]",failed_backlog_consumption_ratio,4158,1855,0.5545142669123987,0.4413574149680799,0.0,1.0,32.563732563732565,0.0,0.0,0.6,1.0,1.0,1.0
"policy_reference_any/load=(12,15]",withdrawn_backlog_consumption_ratio,4108,1905,0.3464432421479805,0.41167681618974383,0.0,1.0,51.58227848101266,0.0,0.0,0.0,0.7,1.0,1.0
"policy_reference_any/load=(15,18]",available_failed_credits,15562,0,3.338870325151009,3.8780426161280612,0.0,43.0,32.001028145482586,0.0,0.0,3.0,5.0,8.0,11.0
"policy_reference_any/load=(15,18]",available_withdrawn_credits,15562,0,3.237790772394294,3.9813911109211437,0.0,42.5,34.39146639249454,0.0,0.0,2.0,5.0,8.0,11.0
"policy_reference_any/load=(15,18]",registered_failed_retake_credits,15562,0,1.5818018249582315,2.388949484589853,0.0,18.0,59.45251253052307,0.0,0.0,0.0,3.0,4.5,6.0
"policy_reference_any/load=(15,18]",registered_withdrawn_retake_credits,15562,0,1.0917298547744505,2.169846188260539,0.0,18.0,71.23120421539649,0.0,0.0,0.0,2.0,3.0,5.0
"policy_reference_any/load=(15,18]",registered_new_credits,15562,0,14.612646189435806,3.1658982683646895,0.0,18.0,0.3341472818403804,11.0,13.0,15.0,17.0,18.0,18.0
"policy_reference_any/load=(15,18]",registered_other_previous_credits,15562,0,0.0,0.0,0.0,0.0,100.0,0.0,0.0,0.0,0.0,0.0,0.0
"policy_reference_any/load=(15,18]",semester_total_registered_credits,15562,0,17.286177869168487,0.754216426206993,15.5,18.0,0.0,16.0,17.0,17.0,18.0,18.0,18.0
"policy_reference_any/load=(15,18]",failed_retake_ratio,15562,0,0.09168726198179922,0.13901434149565017,0.0,1.0,59.45251253052307,0.0,0.0,0.0,0.1666666666666666,0.2727272727272727,0.3529411764705882
"policy_reference_any/load=(15,18]",withdrawn_retake_ratio,15562,0,0.06342028488680906,0.12629832645420883,0.0,1.0,71.23120421539649,0.0,0.0,0.0,0.1176470588235294,0.1875,0.3125
"policy_reference_any/load=(15,18]",previously_attempted_ratio,15562,0,0.15510754686860828,0.17833840391689823,0.0,1.0,39.66071199074669,0.0,0.0,0.125,0.2222222222222222,0.375,0.5
"policy_reference_any/load=(15,18]",new_credit_ratio,15562,0,0.8448924531313916,0.17833840391689823,0.0,1.0,0.3341472818403804,0.625,0.7777777777777778,0.875,1.0,1.0,1.0
"policy_reference_any/load=(15,18]",other_previous_ratio,15562,0,0.0,0.0,0.0,0.0,100.0,0.0,0.0,0.0,0.0,0.0,0.0
"policy_reference_any/load=(15,18]",failed_backlog_consumption_ratio,10582,4980,0.48815204075464114,0.4503380996094837,0.0,1.0,40.37044037044037,0.0,0.0,0.5,1.0,1.0,1.0
"policy_reference_any/load=(15,18]",withdrawn_backlog_consumption_ratio,10210,5352,0.32251096010388564,0.41164212648191295,0.0,1.0,56.15083251714006,0.0,0.0,0.0,0.6666666666666666,1.0,1.0
policy_reference_any/load=<=12,available_failed_credits,1960,0,5.506887755102041,5.305335377595152,0.0,55.0,22.397959183673468,0.0,2.0,4.0,8.0,12.0,15.0
policy_reference_any/load=<=12,available_withdrawn_credits,1960,0,3.829081632653061,5.35756883500498,0.0,70.5,40.96938775510204,0.0,0.0,2.0,6.0,11.0,15.0
policy_reference_any/load=<=12,registered_failed_retake_credits,1960,0,3.361734693877551,3.8584268735800986,0.0,12.0,43.46938775510204,0.0,0.0,3.0,6.0,9.0,12.0
policy_reference_any/load=<=12,registered_withdrawn_retake_credits,1960,0,1.3377551020408163,2.57549671311565,0.0,12.0,70.86734693877551,0.0,0.0,0.0,2.0,5.0,7.0
policy_reference_any/load=<=12,registered_new_credits,1960,0,7.3005102040816325,4.119079939207589,0.0,12.0,13.214285714285715,0.0,4.0,8.0,12.0,12.0,12.0
policy_reference_any/load=<=12,registered_other_previous_credits,1960,0,0.0,0.0,0.0,0.0,100.0,0.0,0.0,0.0,0.0,0.0,0.0
policy_reference_any/load=<=12,semester_total_registered_credits,1960,0,12.0,0.0,12.0,12.0,0.0,12.0,12.0,12.0,12.0,12.0,12.0
policy_reference_any/load=<=12,failed_retake_ratio,1960,0,0.2801445578231292,0.3215355727983415,0.0,1.0,43.46938775510204,0.0,0.0,0.25,0.5,0.75,1.0
policy_reference_any/load=<=12,withdrawn_retake_ratio,1960,0,0.1114795918367347,0.2146247260929708,0.0,1.0,70.86734693877551,0.0,0.0,0.0,0.1666666666666666,0.4166666666666667,0.5833333333333334
policy_reference_any/load=<=12,previously_attempted_ratio,1960,0,0.391624149659864,0.34325666160063245,0.0,1.0,27.95918367346939,0.0,0.0,0.3333333333333333,0.6666666666666666,1.0,1.0
policy_reference_any/load=<=12,new_credit_ratio,1960,0,0.608375850340136,0.34325666160063245,0.0,1.0,13.214285714285715,0.0,0.3333333333333333,0.6666666666666666,1.0,1.0,1.0
policy_reference_any/load=<=12,other_previous_ratio,1960,0,0.0,0.0,0.0,0.0,100.0,0.0,0.0,0.0,0.0,0.0,0.0
policy_reference_any/load=<=12,failed_backlog_consumption_ratio,1521,439,0.6135903005978599,0.4247831504947642,0.0,1.0,27.153188691650232,0.0,0.0,0.8,1.0,1.0,1.0
policy_reference_any/load=<=12,withdrawn_backlog_consumption_ratio,1157,803,0.3274941689048098,0.38944961006560896,0.0,1.0,50.648228176318064,0.0,0.0,0.0,0.6,1.0,1.0
"policy_reference_failed/load=(12,15]",available_failed_credits,4158,0,5.6064213564213565,4.299852545143752,1.0,40.0,0.0,2.0,3.0,4.0,7.0,11.0,14.0
"policy_reference_failed/load=(12,15]",available_withdrawn_credits,4158,0,3.2046657046657048,4.79594010520797,0.0,77.5,45.81529581529581,0.0,0.0,2.0,5.0,9.0,12.0
"policy_reference_failed/load=(12,15]",registered_failed_retake_credits,4158,0,3.0873015873015874,3.1939287759268984,0.0,15.0,32.563732563732565,0.0,0.0,3.0,4.0,8.0,9.0
"policy_reference_failed/load=(12,15]",registered_withdrawn_retake_credits,4158,0,1.0082972582972582,2.1136214553757418,0.0,15.0,74.53102453102453,0.0,0.0,0.0,1.0,3.0,5.0
"policy_reference_failed/load=(12,15]",registered_new_credits,4158,0,10.196729196729196,3.8612754425913702,0.0,15.0,3.67965367965368,5.0,8.0,11.0,13.0,15.0,15.0
"policy_reference_failed/load=(12,15]",registered_other_previous_credits,4158,0,0.0,0.0,0.0,0.0,100.0,0.0,0.0,0.0,0.0,0.0,0.0
"policy_reference_failed/load=(12,15]",semester_total_registered_credits,4158,0,14.292328042328043,0.7818954019980472,12.5,15.0,0.0,13.0,14.0,14.0,15.0,15.0,15.0
"policy_reference_failed/load=(12,15]",failed_retake_ratio,4158,0,0.21786594155504937,0.22793396429165916,0.0,1.0,32.563732563732565,0.0,0.0,0.2,0.3076923076923077,0.5714285714285714,0.6666666666666666
"policy_reference_failed/load=(12,15]",withdrawn_retake_ratio,4158,0,0.07118039346099918,0.1500142587518683,0.0,1.0,74.53102453102453,0.0,0.0,0.0,0.0769230769230769,0.2307692307692307,0.3846153846153846
"policy_reference_failed/load=(12,15]",previously_attempted_ratio,4158,0,0.2890463350160486,0.2638136495087135,0.0,1.0,24.001924001924003,0.0,0.0769230769230769,0.2142857142857142,0.4285714285714285,0.6666666666666666,0.8
"policy_reference_failed/load=(12,15]",new_credit_ratio,4158,0,0.7109536649839515,0.2638136495087135,0.0,1.0,3.67965367965368,0.3333333333333333,0.5714285714285714,0.7857142857142857,0.9230769230769232,1.0,1.0
"policy_reference_failed/load=(12,15]",other_previous_ratio,4158,0,0.0,0.0,0.0,0.0,100.0,0.0,0.0,0.0,0.0,0.0,0.0
"policy_reference_failed/load=(12,15]",failed_backlog_consumption_ratio,4158,0,0.5545142669123987,0.4413574149680799,0.0,1.0,32.563732563732565,0.0,0.0,0.6,1.0,1.0,1.0
"policy_reference_failed/load=(12,15]",withdrawn_backlog_consumption_ratio,2253,1905,0.3180068250544206,0.39538256418920176,0.0,1.0,52.99600532623169,0.0,0.0,0.0,0.6,1.0,1.0
"policy_reference_failed/load=(15,18]",available_failed_credits,10582,0,4.91017766017766,3.7949134260180943,1.0,43.0,0.0,2.0,3.0,3.0,6.0,9.0,12.0
"policy_reference_failed/load=(15,18]",available_withdrawn_credits,10582,0,2.6153373653373655,3.924338533027416,0.0,42.5,50.57645057645057,0.0,0.0,0.0,4.0,7.0,10.0
"policy_reference_failed/load=(15,18]",registered_failed_retake_credits,10582,0,2.326214326214326,2.5809529685135435,0.0,18.0,40.37044037044037,0.0,0.0,2.0,3.0,6.0,7.0
"policy_reference_failed/load=(15,18]",registered_withdrawn_retake_credits,10582,0,0.8047155547155547,1.8338559288282916,0.0,17.0,78.34057834057833,0.0,0.0,0.0,0.0,3.0,4.0
"policy_reference_failed/load=(15,18]",registered_new_credits,10582,0,14.181392931392931,3.253694711537934,0.0,18.0,0.31185031185031187,10.0,12.0,15.0,17.0,18.0,18.0
"policy_reference_failed/load=(15,18]",registered_other_previous_credits,10582,0,0.0,0.0,0.0,0.0,100.0,0.0,0.0,0.0,0.0,0.0,0.0
"policy_reference_failed/load=(15,18]",semester_total_registered_credits,10582,0,17.31232281232281,0.7500605214703403,15.5,18.0,0.0,16.0,17.0,17.0,18.0,18.0,18.0
"policy_reference_failed/load=(15,18]",failed_retake_ratio,10582,0,0.13483624749203926,0.15033891978999972,0.0,1.0,40.37044037044037,0.0,0.0,0.1176470588235294,0.1875,0.3333333333333333,0.4375
"policy_reference_failed/load=(15,18]",withdrawn_retake_ratio,10582,0,0.046702534217628225,0.10679652857198602,0.0,1.0,78.34057834057833,0.0,0.0,0.0,0.0,0.1764705882352941,0.25
"policy_reference_failed/load=(15,18]",previously_attempted_ratio,10582,0,0.1815387817096675,0.18278513908058322,0.0,1.0,31.91268191268191,0.0,0.0,0.1666666666666666,0.2777777777777778,0.4375,0.5294117647058824
"policy_reference_failed/load=(15,18]",new_credit_ratio,10582,0,0.8184612182903326,0.18278513908058322,0.0,1.0,0.31185031185031187,0.5625,0.7222222222222222,0.8333333333333334,1.0,1.0,1.0
"policy_reference_failed/load=(15,18]",other_previous_ratio,10582,0,0.0,0.0,0.0,0.0,100.0,0.0,0.0,0.0,0.0,0.0,0.0
"policy_reference_failed/load=(15,18]",failed_backlog_consumption_ratio,10582,0,0.48815204075464114,0.4503380996094837,0.0,1.0,40.37044037044037,0.0,0.0,0.5,1.0,1.0,1.0
"policy_reference_failed/load=(15,18]",withdrawn_backlog_consumption_ratio,5230,5352,0.305021280201052,0.39700055671195333,0.0,1.0,56.17590822179732,0.0,0.0,0.0,0.6,1.0,1.0
policy_reference_failed/load=<=12,available_failed_credits,1521,0,7.096318211702827,4.998923527672413,1.0,55.0,0.0,2.0,3.0,6.0,9.0,13.0,16.0
policy_reference_failed/load=<=12,available_withdrawn_credits,1521,0,2.8875739644970415,4.730797414418533,0.0,70.5,52.79421433267587,0.0,0.0,0.0,4.0,9.0,12.0
policy_reference_failed/load=<=12,registered_failed_retake_credits,1521,0,4.332018408941486,3.8705475866747228,0.0,12.0,27.153188691650232,0.0,0.0,3.0,6.0,12.0,12.0
policy_reference_failed/load=<=12,registered_withdrawn_retake_credits,1521,0,0.9053254437869822,1.9782313445523236,0.0,12.0,77.38330046022354,0.0,0.0,0.0,0.0,3.0,6.0
policy_reference_failed/load=<=12,registered_new_credits,1521,0,6.762656147271532,4.09567477805655,0.0,12.0,15.318869165023012,0.0,3.0,7.0,10.0,12.0,12.0
policy_reference_failed/load=<=12,registered_other_previous_credits,1521,0,0.0,0.0,0.0,0.0,100.0,0.0,0.0,0.0,0.0,0.0,0.0
policy_reference_failed/load=<=12,semester_total_registered_credits,1521,0,12.0,0.0,12.0,12.0,0.0,12.0,12.0,12.0,12.0,12.0,12.0
policy_reference_failed/load=<=12,failed_retake_ratio,1521,0,0.3610015340784571,0.32254563222289356,0.0,1.0,27.153188691650232,0.0,0.0,0.25,0.5,1.0,1.0
policy_reference_failed/load=<=12,withdrawn_retake_ratio,1521,0,0.07544378698224852,0.16485261204602697,0.0,1.0,77.38330046022354,0.0,0.0,0.0,0.0,0.25,0.5
policy_reference_failed/load=<=12,previously_attempted_ratio,1521,0,0.4364453210607056,0.3413062315047125,0.0,1.0,22.090729783037474,0.0,0.1666666666666666,0.4166666666666667,0.75,1.0,1.0
policy_reference_failed/load=<=12,new_credit_ratio,1521,0,0.5635546789392943,0.34130623150471245,0.0,1.0,15.318869165023012,0.0,0.25,0.5833333333333334,0.8333333333333334,1.0,1.0
policy_reference_failed/load=<=12,other_previous_ratio,1521,0,0.0,0.0,0.0,0.0,100.0,0.0,0.0,0.0,0.0,0.0,0.0
policy_reference_failed/load=<=12,failed_backlog_consumption_ratio,1521,0,0.6135903005978599,0.4247831504947642,0.0,1.0,27.153188691650232,0.0,0.0,0.8,1.0,1.0,1.0
policy_reference_failed/load=<=12,withdrawn_backlog_consumption_ratio,718,803,0.31494929219832996,0.38831998277827134,0.0,1.0,52.089136490250695,0.0,0.0,0.0,0.576388888888889,1.0,1.0
"policy_reference_withdrawn/load=(12,15]",available_failed_credits,4108,0,3.2749513145082765,4.422235923159628,0.0,34.0,45.15579357351509,0.0,0.0,2.0,5.0,9.0,12.0
"policy_reference_withdrawn/load=(12,15]",available_withdrawn_credits,4108,0,5.569741966893866,4.8391278396498825,1.0,77.5,0.0,2.0,3.0,4.0,7.0,12.0,15.0
"policy_reference_withdrawn/load=(12,15]",registered_failed_retake_credits,4108,0,1.7268743914313534,2.833095697529061,0.0,15.0,62.804284323271666,0.0,0.0,0.0,3.0,6.0,8.0
"policy_reference_withdrawn/load=(12,15]",registered_withdrawn_retake_credits,4108,0,1.9491236611489775,2.7380066668497527,0.0,15.0,51.58227848101266,0.0,0.0,0.0,3.0,5.0,7.324999999999818
"policy_reference_withdrawn/load=(12,15]",registered_new_credits,4108,0,10.61501947419669,3.903274249358218,0.0,15.0,3.3106134371957157,5.0,9.0,12.0,14.0,15.0,15.0
"policy_reference_withdrawn/load=(12,15]",registered_other_previous_credits,4108,0,0.0,0.0,0.0,0.0,100.0,0.0,0.0,0.0,0.0,0.0,0.0
"policy_reference_withdrawn/load=(12,15]",semester_total_registered_credits,4108,0,14.29101752677702,0.7707582691141612,12.5,15.0,0.0,13.0,14.0,14.0,15.0,15.0,15.0
"policy_reference_withdrawn/load=(12,15]",failed_retake_ratio,4108,0,0.12189655220243138,0.20099505496048883,0.0,1.0,62.804284323271666,0.0,0.0,0.0,0.2,0.4,0.5714285714285714
"policy_reference_withdrawn/load=(12,15]",withdrawn_retake_ratio,4108,0,0.13753006733784356,0.19438008209158764,0.0,1.0,51.58227848101266,0.0,0.0,0.0,0.2142857142857142,0.3846153846153846,0.5384615384615384
"policy_reference_withdrawn/load=(12,15]",previously_attempted_ratio,4108,0,0.25942661954027496,0.26669569417913563,0.0,1.0,31.499513145082762,0.0,0.0,0.2,0.4,0.6428571428571429,0.8
"policy_reference_withdrawn/load=(12,15]",new_credit_ratio,4108,0,0.7405733804597251,0.26669569417913563,0.0,1.0,3.3106134371957157,0.3571428571428571,0.6,0.8,1.0,1.0,1.0
"policy_reference_withdrawn/load=(12,15]",other_previous_ratio,4108,0,0.0,0.0,0.0,0.0,100.0,0.0,0.0,0.0,0.0,0.0,0.0
"policy_reference_withdrawn/load=(12,15]",failed_backlog_consumption_ratio,2253,1855,0.5372084547763513,0.4324928347935792,0.0,1.0,32.17931646693298,0.0,0.0,0.5714285714285714,1.0,1.0,1.0
"policy_reference_withdrawn/load=(12,15]",withdrawn_backlog_consumption_ratio,4108,0,0.3464432421479805,0.41167681618974383,0.0,1.0,51.58227848101266,0.0,0.0,0.0,0.7,1.0,1.0
"policy_reference_withdrawn/load=(15,18]",available_failed_credits,10210,0,2.699608227228208,3.8944304013470727,0.0,37.0,48.77571008814887,0.0,0.0,1.0,4.0,8.0,10.0
"policy_reference_withdrawn/load=(15,18]",available_withdrawn_credits,10210,0,4.935014691478942,3.9730164431989095,1.0,42.5,0.0,2.0,2.0,3.0,6.0,10.0,13.0
"policy_reference_withdrawn/load=(15,18]",registered_failed_retake_credits,10210,0,1.2177766895200783,2.227608921156898,0.0,18.0,69.19686581782565,0.0,0.0,0.0,2.0,4.0,6.0
"policy_reference_withdrawn/load=(15,18]",registered_withdrawn_retake_credits,10210,0,1.6640058765915768,2.4948202223762364,0.0,18.0,56.15083251714006,0.0,0.0,0.0,3.0,4.0,6.0
"policy_reference_withdrawn/load=(15,18]",registered_new_credits,10210,0,14.385798237022527,3.3829132911770476,0.0,18.0,0.46033300685602346,10.0,13.0,15.0,17.0,18.0,18.0
"policy_reference_withdrawn/load=(15,18]",registered_other_previous_credits,10210,0,0.0,0.0,0.0,0.0,100.0,0.0,0.0,0.0,0.0,0.0,0.0
"policy_reference_withdrawn/load=(15,18]",semester_total_registered_credits,10210,0,17.267580803134184,0.7583388415432409,15.5,18.0,0.0,16.0,17.0,17.0,18.0,18.0,18.0
"policy_reference_withdrawn/load=(15,18]",failed_retake_ratio,10210,0,0.07066016923800433,0.12976091879456056,0.0,1.0,69.19686581782565,0.0,0.0,0.0,0.125,0.2222222222222222,0.3333333333333333
"policy_reference_withdrawn/load=(15,18]",withdrawn_retake_ratio,10210,0,0.09666468887448802,0.14525748774086655,0.0,1.0,56.15083251714006,0.0,0.0,0.0,0.1666666666666666,0.25,0.3529411764705882
"policy_reference_withdrawn/load=(15,18]",previously_attempted_ratio,10210,0,0.16732485811249234,0.19160250482642144,0.0,1.0,39.03036238981391,0.0,0.0,0.1666666666666666,0.25,0.4375,0.5555555555555556
"policy_reference_withdrawn/load=(15,18]",new_credit_ratio,10210,0,0.8326751418875077,0.19160250482642144,0.0,1.0,0.46033300685602346,0.5625,0.75,0.8333333333333334,1.0,1.0,1.0
"policy_reference_withdrawn/load=(15,18]",other_previous_ratio,10210,0,0.0,0.0,0.0,0.0,100.0,0.0,0.0,0.0,0.0,0.0,0.0
"policy_reference_withdrawn/load=(15,18]",failed_backlog_consumption_ratio,5230,4980,0.47344526564792594,0.44149967133580714,0.0,1.0,39.866156787762904,0.0,0.0,0.49358974358974356,1.0,1.0,1.0
"policy_reference_withdrawn/load=(15,18]",withdrawn_backlog_consumption_ratio,10210,0,0.32251096010388564,0.41164212648191295,0.0,1.0,56.15083251714006,0.0,0.0,0.0,0.6666666666666666,1.0,1.0
policy_reference_withdrawn/load=<=12,available_failed_credits,1157,0,4.259723422644771,5.095387960710313,0.0,55.0,37.94295592048401,0.0,0.0,3.0,7.0,11.0,13.0
policy_reference_withdrawn/load=<=12,available_withdrawn_credits,1157,0,6.486603284356093,5.602577751908757,1.0,70.5,0.0,2.0,3.0,5.0,9.0,14.0,17.0
policy_reference_withdrawn/load=<=12,registered_failed_retake_credits,1157,0,2.725151253241141,3.492775303965098,0.0,12.0,50.82108902333622,0.0,0.0,0.0,5.0,8.0,10.0
policy_reference_withdrawn/load=<=12,registered_withdrawn_retake_credits,1157,0,2.2662057044079518,3.022408902442892,0.0,12.0,50.648228176318064,0.0,0.0,0.0,3.0,6.0,9.0
policy_reference_withdrawn/load=<=12,registered_new_credits,1157,0,7.008643042350908,4.062648833534144,0.0,12.0,12.532411408815902,0.0,3.0,7.0,11.0,12.0,12.0
policy_reference_withdrawn/load=<=12,registered_other_previous_credits,1157,0,0.0,0.0,0.0,0.0,100.0,0.0,0.0,0.0,0.0,0.0,0.0
policy_reference_withdrawn/load=<=12,semester_total_registered_credits,1157,0,12.0,0.0,12.0,12.0,0.0,12.0,12.0,12.0,12.0,12.0,12.0
policy_reference_withdrawn/load=<=12,failed_retake_ratio,1157,0,0.22709593777009507,0.29106460866375816,0.0,1.0,50.82108902333622,0.0,0.0,0.0,0.4166666666666667,0.6666666666666666,0.8333333333333334
policy_reference_withdrawn/load=<=12,withdrawn_retake_ratio,1157,0,0.1888504753673293,0.2518674085369077,0.0,1.0,50.648228176318064,0.0,0.0,0.0,0.25,0.5,0.75
policy_reference_withdrawn/load=<=12,previously_attempted_ratio,1157,0,0.41594641313742436,0.33855406946117866,0.0,1.0,24.546240276577354,0.0,0.0833333333333333,0.4166666666666667,0.75,1.0,1.0
policy_reference_withdrawn/load=<=12,new_credit_ratio,1157,0,0.5840535868625756,0.33855406946117866,0.0,1.0,12.532411408815902,0.0,0.25,0.5833333333333334,0.9166666666666666,1.0,1.0
policy_reference_withdrawn/load=<=12,other_previous_ratio,1157,0,0.0,0.0,0.0,0.0,100.0,0.0,0.0,0.0,0.0,0.0,0.0
policy_reference_withdrawn/load=<=12,failed_backlog_consumption_ratio,718,439,0.6618653890564529,0.4020821266829136,0.0,1.0,20.75208913649025,0.0,0.3333333333333333,1.0,1.0,1.0,1.0
policy_reference_withdrawn/load=<=12,withdrawn_backlog_consumption_ratio,1157,0,0.3274941689048098,0.38944961006560896,0.0,1.0,50.648228176318064,0.0,0.0,0.0,0.6,1.0,1.0
"policy_reference_both/load=(12,15]",available_failed_credits,2253,0,5.9713715046604525,4.422256375258303,1.0,34.0,0.0,2.0,3.0,5.0,8.0,12.0,15.0
"policy_reference_both/load=(12,15]",available_withdrawn_credits,2253,0,5.9143364403018195,5.1405195176776095,1.0,77.5,0.0,2.0,3.0,4.0,7.0,12.0,15.0
"policy_reference_both/load=(12,15]",registered_failed_retake_credits,2253,0,3.1486906347092765,3.1873270257369373,0.0,15.0,32.17931646693298,0.0,0.0,3.0,5.0,8.0,9.0
"policy_reference_both/load=(12,15]",registered_withdrawn_retake_credits,2253,0,1.8608521970705725,2.5805519364136527,0.0,15.0,52.99600532623169,0.0,0.0,0.0,3.0,5.0,7.0
"policy_reference_both/load=(12,15]",registered_new_credits,2253,0,9.24722592099423,3.9780590049315245,0.0,15.0,4.704837993786063,3.0,6.0,10.0,12.0,14.0,15.0
"policy_reference_both/load=(12,15]",registered_other_previous_credits,2253,0,0.0,0.0,0.0,0.0,100.0,0.0,0.0,0.0,0.0,0.0,0.0
"policy_reference_both/load=(12,15]",semester_total_registered_credits,2253,0,14.256768752774079,0.7913299270954944,12.5,15.0,0.0,13.0,14.0,14.0,15.0,15.0,15.0
"policy_reference_both/load=(12,15]",failed_retake_ratio,2253,0,0.22225966997229835,0.2266265536437144,0.0,1.0,32.17931646693298,0.0,0.0,0.2,0.3333333333333333,0.5714285714285714,0.6428571428571429
"policy_reference_both/load=(12,15]",withdrawn_retake_ratio,2253,0,0.13136621216637132,0.183387797728742,0.0,1.0,52.99600532623169,0.0,0.0,0.0,0.2142857142857142,0.3846153846153846,0.4666666666666667
"policy_reference_both/load=(12,15]",previously_attempted_ratio,2253,0,0.3536258821386697,0.2736122638334674,0.0,1.0,16.378162450066576,0.0,0.1538461538461538,0.3076923076923077,0.5384615384615384,0.7857142857142857,0.8666666666666667
"policy_reference_both/load=(12,15]",new_credit_ratio,2253,0,0.6463741178613303,0.2736122638334674,0.0,1.0,4.704837993786063,0.2142857142857142,0.4615384615384615,0.6923076923076923,0.8461538461538461,1.0,1.0
"policy_reference_both/load=(12,15]",other_previous_ratio,2253,0,0.0,0.0,0.0,0.0,100.0,0.0,0.0,0.0,0.0,0.0,0.0
"policy_reference_both/load=(12,15]",failed_backlog_consumption_ratio,2253,0,0.5372084547763513,0.4324928347935792,0.0,1.0,32.17931646693298,0.0,0.0,0.5714285714285714,1.0,1.0,1.0
"policy_reference_both/load=(12,15]",withdrawn_backlog_consumption_ratio,2253,0,0.3180068250544206,0.39538256418920176,0.0,1.0,52.99600532623169,0.0,0.0,0.0,0.6,1.0,1.0
"policy_reference_both/load=(15,18]",available_failed_credits,5230,0,5.270172084130019,4.007624375540017,1.0,37.0,0.0,2.0,3.0,4.0,6.0,10.0,13.0
"policy_reference_both/load=(15,18]",available_withdrawn_credits,5230,0,5.291682600382409,4.12286879275293,1.0,42.5,0.0,2.0,3.0,4.0,7.0,10.0,14.0
"policy_reference_both/load=(15,18]",registered_failed_retake_credits,5230,0,2.377342256214149,2.632674378774381,0.0,18.0,39.866156787762904,0.0,0.0,2.0,3.0,6.0,8.0
"policy_reference_both/load=(15,18]",registered_withdrawn_retake_credits,5230,0,1.6282026768642448,2.3375419018465156,0.0,17.0,56.17590822179732,0.0,0.0,0.0,3.0,4.0,6.0
"policy_reference_both/load=(15,18]",registered_new_credits,5230,0,13.297227533460804,3.561502628832896,0.0,18.0,0.5353728489483747,9.0,11.0,14.0,16.0,18.0,18.0
"policy_reference_both/load=(15,18]",registered_other_previous_credits,5230,0,0.0,0.0,0.0,0.0,100.0,0.0,0.0,0.0,0.0,0.0,0.0
"policy_reference_both/load=(15,18]",semester_total_registered_credits,5230,0,17.302772466539196,0.7550822006288318,15.5,18.0,0.0,16.0,17.0,17.0,18.0,18.0,18.0
"policy_reference_both/load=(15,18]",failed_retake_ratio,5230,0,0.13794270132314038,0.15359387473679975,0.0,1.0,39.866156787762904,0.0,0.0,0.125,0.1875,0.3333333333333333,0.4444444444444444
"policy_reference_both/load=(15,18]",withdrawn_retake_ratio,5230,0,0.09449449657570591,0.13624369208953044,0.0,1.0,56.17590822179732,0.0,0.0,0.0,0.1666666666666666,0.25,0.3529411764705882
"policy_reference_both/load=(15,18]",previously_attempted_ratio,5230,0,0.23243719789884631,0.200894050122854,0.0,1.0,22.753346080305928,0.0,0.1111111111111111,0.1764705882352941,0.3333333333333333,0.5,0.625
"policy_reference_both/load=(15,18]",new_credit_ratio,5230,0,0.7675628021011537,0.200894050122854,0.0,1.0,0.5353728489483747,0.5,0.6666666666666666,0.8235294117647058,0.8888888888888888,1.0,1.0
"policy_reference_both/load=(15,18]",other_previous_ratio,5230,0,0.0,0.0,0.0,0.0,100.0,0.0,0.0,0.0,0.0,0.0,0.0
"policy_reference_both/load=(15,18]",failed_backlog_consumption_ratio,5230,0,0.47344526564792594,0.44149967133580714,0.0,1.0,39.866156787762904,0.0,0.0,0.49358974358974356,1.0,1.0,1.0
"policy_reference_both/load=(15,18]",withdrawn_backlog_consumption_ratio,5230,0,0.305021280201052,0.39700055671195333,0.0,1.0,56.17590822179732,0.0,0.0,0.0,0.6,1.0,1.0
policy_reference_both/load=<=12,available_failed_credits,718,0,6.864206128133705,4.894566209446081,1.0,55.0,0.0,2.0,3.0,6.0,9.0,12.0,15.0
policy_reference_both/load=<=12,available_withdrawn_credits,718,0,6.116991643454039,5.2596027210951535,1.0,70.5,0.0,2.0,3.0,5.0,8.0,12.0,15.0
policy_reference_both/load=<=12,registered_failed_retake_credits,718,0,4.391364902506964,3.5130810467845612,0.0,12.0,20.75208913649025,0.0,2.0,3.0,6.0,9.0,12.0
policy_reference_both/load=<=12,registered_withdrawn_retake_credits,718,0,1.9178272980501392,2.520253194698989,0.0,12.0,52.089136490250695,0.0,0.0,0.0,3.0,6.0,7.0
policy_reference_both/load=<=12,registered_new_credits,718,0,5.690807799442897,3.737808509906744,0.0,12.0,16.573816155988858,0.0,3.0,6.0,9.0,11.300000000000068,12.0
policy_reference_both/load=<=12,registered_other_previous_credits,718,0,0.0,0.0,0.0,0.0,100.0,0.0,0.0,0.0,0.0,0.0,0.0
policy_reference_both/load=<=12,semester_total_registered_credits,718,0,12.0,0.0,12.0,12.0,0.0,12.0,12.0,12.0,12.0,12.0,12.0
policy_reference_both/load=<=12,failed_retake_ratio,718,0,0.3659470752089137,0.2927567538987135,0.0,1.0,20.75208913649025,0.0,0.1666666666666666,0.25,0.5,0.75,1.0
policy_reference_both/load=<=12,withdrawn_retake_ratio,718,0,0.15981894150417827,0.21002109955824905,0.0,1.0,52.089136490250695,0.0,0.0,0.0,0.25,0.5,0.5833333333333334
policy_reference_both/load=<=12,previously_attempted_ratio,718,0,0.525766016713092,0.31148404249222866,0.0,1.0,10.027855153203342,0.05833333333333354,0.25,0.5,0.75,1.0,1.0
policy_reference_both/load=<=12,new_credit_ratio,718,0,0.4742339832869081,0.3114840424922287,0.0,1.0,16.573816155988858,0.0,0.25,0.5,0.75,0.9416666666666723,1.0
policy_reference_both/load=<=12,other_previous_ratio,718,0,0.0,0.0,0.0,0.0,100.0,0.0,0.0,0.0,0.0,0.0,0.0
policy_reference_both/load=<=12,failed_backlog_consumption_ratio,718,0,0.6618653890564529,0.4020821266829136,0.0,1.0,20.75208913649025,0.0,0.3333333333333333,1.0,1.0,1.0,1.0
policy_reference_both/load=<=12,withdrawn_backlog_consumption_ratio,718,0,0.31494929219832996,0.38831998277827134,0.0,1.0,52.089136490250695,0.0,0.0,0.0,0.576388888888889,1.0,1.0
