reason,student_sha256,degree_id,part_id,previous_part_id,start_total_in_credits,start_total_in_courses,total_reg_credits,total_reg_courses,end_total_in_credits,total_pass_credits,total_fail_credits,semester_reg_credits,previous_end_total_in_credits,previous_total_reg_credits,previous_semester_reg_credits
lag_start_end_mismatch,a3f9bb3723104dcfa2022db4158aa0477083d86b49293240c8669bacc9ecb597,2.111,20223,20222,222.0,60,413.5,108,225.0,229.0,161.5,9.0,225.0,394.5,19.0
lag_start_end_mismatch,004a82c35509c90ec59494ba4e0c43eb29db9ee4485ac405f9c66e455af4b261,13.111,20202,20201,28.0,11,153.0,61,32.0,39.0,107.0,12.0,32.0,140.0,13.0
lag_start_end_mismatch,004a82c35509c90ec59494ba4e0c43eb29db9ee4485ac405f9c66e455af4b261,13.111,20211,20202,30.0,12,165.0,66,35.0,45.0,110.0,12.0,32.0,153.0,12.0
lag_start_end_mismatch,004a82c35509c90ec59494ba4e0c43eb29db9ee4485ac405f9c66e455af4b261,13.111,20212,20211,30.0,12,177.0,71,37.0,53.0,114.0,12.0,35.0,165.0,12.0
lag_start_end_mismatch,004a82c35509c90ec59494ba4e0c43eb29db9ee4485ac405f9c66e455af4b261,13.111,20222,20221,35.0,14,208.0,83,39.0,65.0,125.0,13.0,39.0,196.0,12.0
lag_reg_increment_mismatch,2159b3f40503d6e8e3f118aca3ccbc33a2973aefdb1856cd94f0f10d5f12e74d,8.111,20212,20202,72.0,30,93.0,38,90.0,83.0,4.0,18.0,73.0,62.0,18.0
lag_reg_increment_mismatch,f6e7048d31bd5c92dfc0b416faed7eb0d9b8d313185c100e13372482790706fa,29.111,20232,20223,60.0,22,85.0,28,101.0,76.0,6.0,18.0,57.0,64.0,6.0
lag_reg_increment_mismatch,d92f4b4167c292430d501e425f234ee5d7f8801f9afdf028a014ff6cf7576527,29.111,20233,20222,78.0,28,57.0,20,84.0,54.0,3.0,6.0,46.0,12.0,13.0
lag_reg_increment_mismatch,bf9b40ceb1a0213e0c12ceb677207449fe6ce58a20897520d0d0f7dff7408140,2.111,20232,20231,242.0,61,802.5,194,251.0,283.5,467.0,9.0,251.0,850.5,24.0
start_vs_reg_difference,a3f9bb3723104dcfa2022db4158aa0477083d86b49293240c8669bacc9ecb597,2.111,20202,20201,156.5,45,294.0,78,176.0,160.5,122.5,24.5,156.5,270.5,23.5
start_vs_reg_difference,a3f9bb3723104dcfa2022db4158aa0477083d86b49293240c8669bacc9ecb597,2.111,20203,20202,176.0,49,318.5,83,184.0,180.0,127.5,8.0,176.0,294.0,24.5
start_vs_reg_difference,a3f9bb3723104dcfa2022db4158aa0477083d86b49293240c8669bacc9ecb597,2.111,20211,20203,184.0,51,326.5,85,188.0,188.0,127.5,18.0,184.0,318.5,8.0
start_vs_reg_difference,a3f9bb3723104dcfa2022db4158aa0477083d86b49293240c8669bacc9ecb597,2.111,20212,20211,188.0,52,344.5,89,199.0,192.0,141.5,24.0,188.0,326.5,18.0
start_vs_reg_difference,a3f9bb3723104dcfa2022db4158aa0477083d86b49293240c8669bacc9ecb597,2.111,20213,20212,199.0,55,368.5,95,203.0,203.0,154.5,4.0,199.0,344.5,24.0
