dataset,identity,valid,mismatch,mismatch_pct,difference_mean,difference_min,difference_max
raw,total_reg_credits = total_pass + total_fail,92730,49486,53.365685322980696,6.485285236708724,-5.0,181.0
raw,start_total_in_credits = total_pass,92730,44740,48.24760056076782,-2.3306427261943274,-176.0,103.0
raw,start_total_in_credits = total_reg - total_fail,92730,62332,67.21880728998167,-8.815927962903052,-182.0,103.0
raw,end_total_in_credits = start_total_in + semester_pass,92730,2410,2.5989431683381863,0.282012293756066,-22.0,112.0
raw,semester_reg_credits = semester_pass + semester_fail,92730,17806,19.201984255365037,1.0452011215356412,-18.0,25.0
raw,end_total_in_credits = start_total_in + semester_in,92730,1261,1.3598619648441712,-0.05303569502857759,-45.0,0.0
raw,total_reg_courses = total_pass + total_fail,92730,49469,53.34735252884719,2.3176641863474603,-2.0,62.0
raw,start_total_in_courses = total_pass,92730,43944,47.38919443545778,-0.6990186563140299,-62.0,35.0
raw,start_total_in_courses = total_reg - total_fail,92730,61712,66.55019950393616,-3.0166828426614902,-74.0,35.0
raw,end_total_in_courses = start_total_in + semester_pass,92730,3845,4.146446673137064,0.0869190121859161,-10.0,34.0
raw,semester_reg_courses = semester_pass + semester_fail,92730,17840,19.23864984363205,0.3797584384772997,-7.0,11.0
raw,end_total_in_courses = start_total_in + semester_in,92730,2730,2.9440310579100615,-0.03664402027391351,-16.0,0.0
clean_v1,total_reg_credits = total_pass + total_fail,82300,44423,53.97691373025516,6.202010935601458,-5.0,152.0
clean_v1,start_total_in_credits = total_pass,82300,41273,50.149453219927096,-2.3454921020656134,-176.0,103.0
clean_v1,start_total_in_credits = total_reg - total_fail,82300,56803,69.01944106925882,-8.547503037667072,-176.0,103.0
clean_v1,end_total_in_credits = start_total_in + semester_pass,82300,2336,2.8383961117861483,0.30811664641555286,-22.0,112.0
clean_v1,semester_reg_credits = semester_pass + semester_fail,82300,14895,18.09842041312272,0.7967010935601458,0.0,24.0
clean_v1,total_reg_courses = total_pass + total_fail,82300,44405,53.955042527339,2.217557715674362,-2.0,47.0
clean_v1,start_total_in_courses = total_pass,82300,40535,49.25273390036452,-0.695176184690158,-57.0,35.0
clean_v1,start_total_in_courses = total_reg - total_fail,82300,56195,68.28068043742405,-2.91273390036452,-60.0,35.0
clean_v1,end_total_in_courses = start_total_in + semester_pass,82300,3761,4.5698663426488455,0.09460510328068043,-10.0,34.0
clean_v1,semester_reg_courses = semester_pass + semester_fail,82300,14928,18.138517618469017,0.2884325637910085,0.0,8.0
clean_v2,total_reg_credits = total_pass + total_fail,87892,48673,55.37819141673872,6.7074762208164564,-5.0,154.0
clean_v2,start_total_in_credits = total_pass,87892,44233,50.32653711373049,-2.4217960679015156,-176.0,103.0
clean_v2,start_total_in_credits = total_reg - total_fail,87892,61408,69.86756473854275,-9.129272288717972,-182.0,103.0
clean_v2,end_total_in_credits = start_total_in + semester_pass,87892,2361,2.6862513084239747,0.29414508715241433,-22.0,112.0
clean_v2,semester_reg_credits = semester_pass + semester_fail,87892,17363,19.754926500705412,1.060386610840577,0.0,25.0
clean_v2,total_reg_courses = total_pass + total_fail,87892,48653,55.35543621717562,2.39555363400537,-2.0,53.0
clean_v2,start_total_in_courses = total_pass,87892,43450,49.43567105083512,-0.7246734628862695,-57.0,35.0
clean_v2,start_total_in_courses = total_reg - total_fail,87892,60785,69.15874027215219,-3.12022709689164,-69.0,35.0
clean_v2,end_total_in_courses = start_total_in + semester_pass,87892,3786,4.307559277294862,0.09052018386201247,-10.0,34.0
clean_v2,semester_reg_courses = semester_pass + semester_fail,87892,17396,19.792472579984526,0.3853820598006645,0.0,11.0
