dataset,source,destination,valid,source_values,ambiguous_source_values,max_destination_values_per_source,rows_in_ambiguous_source_values,deterministic_on_observed_data
raw,start_total_in_credits,start_total_in_courses,92730,394,356,24,80591,False
raw,start_total_in_courses,start_total_in_credits,92730,82,81,84,81690,False
raw,start_total_in_credits,total_reg_credits,92730,394,371,322,92707,False
raw,total_reg_credits,start_total_in_credits,92730,1003,794,114,82514,False
raw,start_total_in_credits,total_reg_courses,92730,394,371,101,92707,False
raw,total_reg_courses,start_total_in_credits,92730,235,202,228,82697,False
raw,start_total_in_courses,total_reg_credits,92730,82,82,435,92730,False
raw,total_reg_credits,start_total_in_courses,92730,1003,790,66,82504,False
raw,start_total_in_courses,total_reg_courses,92730,82,82,117,92730,False
raw,total_reg_courses,start_total_in_courses,92730,235,202,66,82697,False
raw,total_reg_credits,total_reg_courses,92730,1003,786,40,82493,False
raw,total_reg_courses,total_reg_credits,92730,235,202,130,82697,False
clean_v1,start_total_in_credits,start_total_in_courses,82300,392,356,24,74605,False
clean_v1,start_total_in_courses,start_total_in_credits,82300,82,81,84,75416,False
clean_v1,start_total_in_credits,total_reg_credits,82300,392,369,269,82277,False
clean_v1,total_reg_credits,start_total_in_credits,82300,980,770,110,75702,False
clean_v1,start_total_in_credits,total_reg_courses,82300,392,369,92,82277,False
clean_v1,total_reg_courses,start_total_in_credits,82300,228,197,224,75883,False
clean_v1,start_total_in_courses,total_reg_credits,82300,82,82,392,82300,False
clean_v1,total_reg_credits,start_total_in_courses,82300,980,767,64,75694,False
clean_v1,start_total_in_courses,total_reg_courses,82300,82,82,110,82300,False
clean_v1,total_reg_courses,start_total_in_courses,82300,228,197,63,75883,False
clean_v1,total_reg_credits,total_reg_courses,82300,980,764,39,75687,False
clean_v1,total_reg_courses,total_reg_credits,82300,228,197,125,75883,False
clean_v2,start_total_in_credits,start_total_in_courses,87892,393,356,24,79567,False
clean_v2,start_total_in_courses,start_total_in_credits,87892,82,81,84,80640,False
clean_v2,start_total_in_credits,total_reg_credits,87892,393,371,322,87870,False
clean_v2,total_reg_credits,start_total_in_credits,87892,1003,793,114,81200,False
clean_v2,start_total_in_credits,total_reg_courses,87892,393,371,101,87870,False
clean_v2,total_reg_courses,start_total_in_credits,87892,235,202,228,81384,False
clean_v2,start_total_in_courses,total_reg_credits,87892,82,82,435,87892,False
clean_v2,total_reg_credits,start_total_in_courses,87892,1003,789,66,81190,False
clean_v2,start_total_in_courses,total_reg_courses,87892,82,82,117,87892,False
clean_v2,total_reg_courses,start_total_in_courses,87892,235,202,66,81384,False
clean_v2,total_reg_credits,total_reg_courses,87892,1003,785,40,81179,False
clean_v2,total_reg_courses,total_reg_credits,87892,235,202,130,81384,False
train_v2_course,start_total_in_credits,start_total_in_courses,356816,379,348,23,318520,False
train_v2_course,start_total_in_courses,start_total_in_credits,356816,82,81,82,320745,False
train_v2_course,start_total_in_credits,total_reg_credits,356816,379,363,223,356765,False
train_v2_course,total_reg_credits,start_total_in_credits,356816,760,681,100,322521,False
train_v2_course,start_total_in_credits,total_reg_courses,356816,379,363,81,356765,False
train_v2_course,total_reg_courses,start_total_in_credits,356816,163,152,213,322678,False
train_v2_course,start_total_in_courses,total_reg_credits,356816,82,82,332,356816,False
train_v2_course,total_reg_credits,start_total_in_courses,356816,760,677,59,322488,False
train_v2_course,start_total_in_courses,total_reg_courses,356816,82,82,93,356816,False
train_v2_course,total_reg_courses,start_total_in_courses,356816,163,152,59,322678,False
train_v2_course,total_reg_credits,total_reg_courses,356816,760,674,36,322464,False
train_v2_course,total_reg_courses,total_reg_credits,356816,163,152,121,322678,False
train_v2_status,start_total_in_credits,start_total_in_courses,75076,379,348,23,67493,False
train_v2_status,start_total_in_courses,start_total_in_credits,75076,82,81,82,68437,False
train_v2_status,start_total_in_credits,total_reg_credits,75076,379,363,223,75060,False
train_v2_status,total_reg_credits,start_total_in_credits,75076,760,681,100,68812,False
train_v2_status,start_total_in_credits,total_reg_courses,75076,379,363,81,75060,False
train_v2_status,total_reg_courses,start_total_in_credits,75076,163,152,213,68880,False
train_v2_status,start_total_in_courses,total_reg_credits,75076,82,82,332,75076,False
train_v2_status,total_reg_credits,start_total_in_courses,75076,760,677,59,68802,False
train_v2_status,start_total_in_courses,total_reg_courses,75076,82,82,93,75076,False
train_v2_status,total_reg_courses,start_total_in_courses,75076,163,152,59,68880,False
train_v2_status,total_reg_credits,total_reg_courses,75076,760,674,36,68796,False
train_v2_status,total_reg_courses,total_reg_credits,75076,163,152,121,68880,False
