dataset,group_by,group_value,group_rows,included
raw,year,2020,15817,True
raw,year,2021,19623,True
raw,year,2022,19415,True
raw,year,2023,19425,True
raw,year,2024,18461,True
raw,degree_id,1.111,16081,True
raw,degree_id,10.111,911,True
raw,degree_id,11.111,2508,True
raw,degree_id,13.111,14614,True
raw,degree_id,16.111,31,False
raw,degree_id,19.111,13,False
raw,degree_id,2.111,18544,True
raw,degree_id,20.111,380,True
raw,degree_id,21.111,1037,True
raw,degree_id,22.111,1579,True
raw,degree_id,24.111,5253,True
raw,degree_id,26.111,1970,True
raw,degree_id,27.111,1071,True
raw,degree_id,29.111,1218,True
raw,degree_id,3.111,6328,True
raw,degree_id,30.111,575,True
raw,degree_id,31.111,478,True
raw,degree_id,33.111,153,True
raw,degree_id,34.111,451,True
raw,degree_id,35.111,156,True
raw,degree_id,36.111,433,True
raw,degree_id,37.111,120,True
raw,degree_id,39.111,662,True
raw,degree_id,4.111,402,True
raw,degree_id,40.111,1008,True
raw,degree_id,41.111,2215,True
raw,degree_id,42.111,1770,True
raw,degree_id,44.111,1264,True
raw,degree_id,45.111,485,True
raw,degree_id,46.111,437,True
raw,degree_id,47.111,545,True
raw,degree_id,48.111,506,True
raw,degree_id,49.111,293,True
raw,degree_id,5.111,161,True
raw,degree_id,50.111,535,True
raw,degree_id,52.111,61,False
raw,degree_id,53.111,224,True
raw,degree_id,54.111,72,False
raw,degree_id,55.111,251,True
raw,degree_id,56.111,76,False
raw,degree_id,6.111,1675,True
raw,degree_id,7.111,1026,True
raw,degree_id,8.111,3043,True
raw,degree_id,<NA>,2126,True
raw,progress_quartile,"(-0.001, 26.0]",23540,True
raw,progress_quartile,"(125.0, 253.0]",22907,True
raw,progress_quartile,"(26.0, 70.0]",23112,True
raw,progress_quartile,"(70.0, 125.0]",23171,True
raw,progress_quartile,nan,11,False
clean_v1,year,2020,14382,True
clean_v1,year,2021,16379,True
clean_v1,year,2022,17238,True
clean_v1,year,2023,17875,True
clean_v1,year,2024,16426,True
clean_v1,degree_id,1.111,15205,True
clean_v1,degree_id,10.111,848,True
clean_v1,degree_id,11.111,2341,True
clean_v1,degree_id,13.111,13577,True
clean_v1,degree_id,16.111,20,False
clean_v1,degree_id,19.111,7,False
clean_v1,degree_id,2.111,17241,True
clean_v1,degree_id,20.111,322,True
clean_v1,degree_id,21.111,716,True
clean_v1,degree_id,22.111,791,True
clean_v1,degree_id,24.111,4632,True
clean_v1,degree_id,26.111,1797,True
clean_v1,degree_id,27.111,928,True
clean_v1,degree_id,29.111,1102,True
clean_v1,degree_id,3.111,5926,True
clean_v1,degree_id,30.111,447,True
clean_v1,degree_id,31.111,340,True
clean_v1,degree_id,33.111,148,True
clean_v1,degree_id,34.111,432,True
clean_v1,degree_id,35.111,150,True
clean_v1,degree_id,36.111,424,True
clean_v1,degree_id,37.111,117,True
clean_v1,degree_id,39.111,248,True
clean_v1,degree_id,4.111,390,True
clean_v1,degree_id,40.111,759,True
clean_v1,degree_id,41.111,2112,True
clean_v1,degree_id,42.111,1663,True
clean_v1,degree_id,44.111,1128,True
clean_v1,degree_id,45.111,410,True
clean_v1,degree_id,46.111,398,True
clean_v1,degree_id,47.111,478,True
clean_v1,degree_id,48.111,449,True
clean_v1,degree_id,49.111,227,True
clean_v1,degree_id,5.111,152,True
clean_v1,degree_id,50.111,455,True
clean_v1,degree_id,52.111,60,False
clean_v1,degree_id,53.111,211,True
clean_v1,degree_id,54.111,67,False
clean_v1,degree_id,55.111,242,True
clean_v1,degree_id,56.111,76,False
clean_v1,degree_id,6.111,1480,True
clean_v1,degree_id,7.111,958,True
clean_v1,degree_id,8.111,2826,True
clean_v1,progress_quartile,"(-0.001, 32.0]",20621,True
clean_v1,progress_quartile,"(128.0, 251.0]",20370,True
clean_v1,progress_quartile,"(32.0, 76.0]",20785,True
clean_v1,progress_quartile,"(76.0, 128.0]",20524,True
clean_v2,year,2020,14941,True
clean_v2,year,2021,17279,True
clean_v2,year,2022,18419,True
clean_v2,year,2023,19066,True
clean_v2,year,2024,18187,True
clean_v2,degree_id,1.111,15865,True
clean_v2,degree_id,10.111,907,True
clean_v2,degree_id,11.111,2508,True
clean_v2,degree_id,13.111,14324,True
clean_v2,degree_id,16.111,28,False
clean_v2,degree_id,19.111,11,False
clean_v2,degree_id,2.111,18380,True
clean_v2,degree_id,20.111,362,True
clean_v2,degree_id,21.111,852,True
clean_v2,degree_id,22.111,1255,True
clean_v2,degree_id,24.111,4945,True
clean_v2,degree_id,26.111,1894,True
clean_v2,degree_id,27.111,988,True
clean_v2,degree_id,29.111,1169,True
clean_v2,degree_id,3.111,6279,True
clean_v2,degree_id,30.111,489,True
clean_v2,degree_id,31.111,389,True
clean_v2,degree_id,33.111,153,True
clean_v2,degree_id,34.111,451,True
clean_v2,degree_id,35.111,156,True
clean_v2,degree_id,36.111,433,True
clean_v2,degree_id,37.111,120,True
clean_v2,degree_id,39.111,335,True
clean_v2,degree_id,4.111,402,True
clean_v2,degree_id,40.111,922,True
clean_v2,degree_id,41.111,2179,True
clean_v2,degree_id,42.111,1730,True
clean_v2,degree_id,44.111,1181,True
clean_v2,degree_id,45.111,445,True
clean_v2,degree_id,46.111,424,True
clean_v2,degree_id,47.111,516,True
clean_v2,degree_id,48.111,483,True
clean_v2,degree_id,49.111,264,True
clean_v2,degree_id,5.111,161,True
clean_v2,degree_id,50.111,505,True
clean_v2,degree_id,52.111,61,False
clean_v2,degree_id,53.111,224,True
clean_v2,degree_id,54.111,72,False
clean_v2,degree_id,55.111,251,True
clean_v2,degree_id,56.111,76,False
clean_v2,degree_id,6.111,1653,True
clean_v2,degree_id,7.111,1025,True
clean_v2,degree_id,8.111,3025,True
clean_v2,progress_quartile,"(-0.001, 32.0]",22480,True
clean_v2,progress_quartile,"(128.0, 253.0]",21792,True
clean_v2,progress_quartile,"(32.0, 75.0]",21673,True
clean_v2,progress_quartile,"(75.0, 128.0]",21947,True
train_v2_course,year,2020,60963,True
train_v2_course,year,2021,70082,True
train_v2_course,year,2022,74324,True
train_v2_course,year,2023,77014,True
train_v2_course,year,2024,74433,True
train_v2_course,degree_id,1.111,76474,True
train_v2_course,degree_id,10.111,3871,True
train_v2_course,degree_id,11.111,10380,True
train_v2_course,degree_id,13.111,61361,True
train_v2_course,degree_id,16.111,99,False
train_v2_course,degree_id,19.111,23,False
train_v2_course,degree_id,2.111,60999,True
train_v2_course,degree_id,20.111,1408,True
train_v2_course,degree_id,21.111,2667,True
train_v2_course,degree_id,22.111,2160,True
train_v2_course,degree_id,24.111,19538,True
train_v2_course,degree_id,26.111,8239,True
train_v2_course,degree_id,27.111,4227,True
train_v2_course,degree_id,29.111,4716,True
train_v2_course,degree_id,3.111,24543,True
train_v2_course,degree_id,30.111,1874,True
train_v2_course,degree_id,31.111,1320,True
train_v2_course,degree_id,33.111,673,True
train_v2_course,degree_id,34.111,1997,True
train_v2_course,degree_id,35.111,631,True
train_v2_course,degree_id,36.111,1964,True
train_v2_course,degree_id,37.111,514,True
train_v2_course,degree_id,39.111,837,True
train_v2_course,degree_id,4.111,1621,True
train_v2_course,degree_id,40.111,2969,True
train_v2_course,degree_id,41.111,9582,True
train_v2_course,degree_id,42.111,8779,True
train_v2_course,degree_id,44.111,6068,True
train_v2_course,degree_id,45.111,1874,True
train_v2_course,degree_id,46.111,1971,True
train_v2_course,degree_id,47.111,2313,True
train_v2_course,degree_id,48.111,2068,True
train_v2_course,degree_id,49.111,981,True
train_v2_course,degree_id,5.111,625,True
train_v2_course,degree_id,50.111,2061,True
train_v2_course,degree_id,52.111,271,True
train_v2_course,degree_id,53.111,990,True
train_v2_course,degree_id,54.111,326,True
train_v2_course,degree_id,55.111,1163,True
train_v2_course,degree_id,56.111,339,True
train_v2_course,degree_id,6.111,5643,True
train_v2_course,degree_id,7.111,4225,True
train_v2_course,degree_id,8.111,12432,True
train_v2_course,progress_quartile,"(-0.001, 31.0]",91351,True
train_v2_course,progress_quartile,"(121.0, 250.0]",88334,True
train_v2_course,progress_quartile,"(31.0, 73.0]",88603,True
train_v2_course,progress_quartile,"(73.0, 121.0]",88528,True
train_v2_status,year,2020,12772,True
train_v2_status,year,2021,14706,True
train_v2_status,year,2022,15685,True
train_v2_status,year,2023,16500,True
train_v2_status,year,2024,15413,True
train_v2_status,degree_id,1.111,13237,True
train_v2_status,degree_id,10.111,804,True
train_v2_status,degree_id,11.111,2183,True
train_v2_status,degree_id,13.111,12231,True
train_v2_status,degree_id,16.111,20,False
train_v2_status,degree_id,19.111,7,False
train_v2_status,degree_id,2.111,15172,True
train_v2_status,degree_id,20.111,307,True
train_v2_status,degree_id,21.111,657,True
train_v2_status,degree_id,22.111,506,True
train_v2_status,degree_id,24.111,4465,True
train_v2_status,degree_id,26.111,1758,True
train_v2_status,degree_id,27.111,902,True
train_v2_status,degree_id,29.111,1030,True
train_v2_status,degree_id,3.111,5563,True
train_v2_status,degree_id,30.111,429,True
train_v2_status,degree_id,31.111,328,True
train_v2_status,degree_id,33.111,148,True
train_v2_status,degree_id,34.111,423,True
train_v2_status,degree_id,35.111,143,True
train_v2_status,degree_id,36.111,424,True
train_v2_status,degree_id,37.111,117,True
train_v2_status,degree_id,39.111,216,True
train_v2_status,degree_id,4.111,379,True
train_v2_status,degree_id,40.111,719,True
train_v2_status,degree_id,41.111,2107,True
train_v2_status,degree_id,42.111,1647,True
train_v2_status,degree_id,44.111,1115,True
train_v2_status,degree_id,45.111,404,True
train_v2_status,degree_id,46.111,398,True
train_v2_status,degree_id,47.111,473,True
train_v2_status,degree_id,48.111,435,True
train_v2_status,degree_id,49.111,222,True
train_v2_status,degree_id,5.111,142,True
train_v2_status,degree_id,50.111,450,True
train_v2_status,degree_id,52.111,60,False
train_v2_status,degree_id,53.111,211,True
train_v2_status,degree_id,54.111,67,False
train_v2_status,degree_id,55.111,242,True
train_v2_status,degree_id,56.111,76,False
train_v2_status,degree_id,6.111,1328,True
train_v2_status,degree_id,7.111,907,True
train_v2_status,degree_id,8.111,2624,True
train_v2_status,progress_quartile,"(-0.001, 32.0]",19133,True
train_v2_status,progress_quartile,"(126.0, 250.0]",18523,True
train_v2_status,progress_quartile,"(32.0, 74.0]",18466,True
train_v2_status,progress_quartile,"(74.0, 126.0]",18954,True
