dataset,a,b,valid,pearson,spearman,exact_equal,equal_tolerance_1e8,equal_pct,a_minus_b_mean,a_minus_b_median,a_minus_b_min,a_minus_b_max,a_minus_b_std,a_minus_b_unique
raw,start_total_in_credits,start_total_in_courses,92730,0.9606809166819453,0.9856379061101982,11041,11041,11.906610589884611,51.4784859268845,44.0,0.0,189.0,42.30640881735217,292
raw,start_total_in_credits,total_reg_credits,92730,0.8614229531998104,0.9222927531764954,22560,22560,24.32869621481721,-26.509274237032244,-10.0,-769.0,103.0,46.85187889794595,800
raw,start_total_in_credits,total_reg_courses,92730,0.8218721469820698,0.9032941618694884,10578,10578,11.407311549660303,42.403731262806,34.0,-136.0,192.0,41.288687417584605,466
raw,start_total_in_courses,total_reg_credits,92730,0.8288015270287195,0.9126935161562516,10042,10042,10.829289334627413,-77.98776016391675,-63.0,-934.0,24.0,71.68790631950297,964
raw,start_total_in_courses,total_reg_courses,92730,0.8607808083078832,0.9203021887155571,23176,23176,24.99299040224307,-9.074754664078508,-4.0,-216.0,35.0,15.816171388341012,209
raw,total_reg_credits,total_reg_courses,92730,0.9623425836539837,0.9855775459137791,10000,10000,10.783996549121104,68.91300549983823,58.0,0.0,718.0,60.0628729197676,777
clean_v1,start_total_in_credits,start_total_in_courses,82300,0.9571512606411813,0.9826198919679375,6884,6884,8.364520048602673,54.03113001215067,48.0,0.0,188.0,41.12635925467714,291
clean_v1,start_total_in_credits,total_reg_credits,82300,0.8597617872463017,0.9186403839021137,18462,18462,22.432563791008505,-25.91010935601458,-10.0,-769.0,103.0,45.7282708145204,776
clean_v1,start_total_in_credits,total_reg_courses,82300,0.8201845422842351,0.8973016292095094,6869,6869,8.34629404617254,45.193390036452,39.0,-115.0,192.0,40.189379712579715,457
clean_v1,start_total_in_courses,total_reg_credits,82300,0.8220454386211944,0.9065895865852419,6424,6424,7.805589307411907,-79.94123936816526,-66.0,-934.0,24.0,69.77703303974002,939
clean_v1,start_total_in_courses,total_reg_courses,82300,0.8601805559343112,0.9170326775094383,19064,19064,23.164034021871203,-8.837739975698664,-4.0,-216.0,35.0,15.370989957837262,202
clean_v1,total_reg_credits,total_reg_courses,82300,0.959510920878268,0.9831332099994269,6387,6387,7.760631834750911,71.10349939246659,61.0,0.0,718.0,58.493005088427786,765
clean_v2,start_total_in_credits,start_total_in_courses,87892,0.9572398251822611,0.9832923005380607,7252,7252,8.25103536158012,54.08183907522869,47.0,0.0,189.0,41.84384617851668,292
clean_v2,start_total_in_credits,total_reg_credits,87892,0.8529624302145966,0.9135659948156118,18882,18882,21.483183907522868,-27.48640376826105,-12.0,-769.0,103.0,47.48190374805831,800
clean_v2,start_total_in_credits,total_reg_courses,87892,0.8102923982586038,0.8919301936972335,7025,7025,7.992763846538935,44.68559140763664,38.0,-136.0,192.0,41.14709204902806,464
clean_v2,start_total_in_courses,total_reg_credits,87892,0.8173861397718333,0.902271170707312,6517,6517,7.41478177763619,-81.56824284348974,-67.0,-934.0,24.0,71.44214749037175,964
clean_v2,start_total_in_courses,total_reg_courses,87892,0.85203005276964,0.9114467610777894,19499,19499,22.18518181404451,-9.396247667592045,-4.0,-216.0,35.0,15.998376771690005,208
clean_v2,total_reg_credits,total_reg_courses,87892,0.959587015557178,0.9834066366684558,6475,6475,7.366995858553679,72.17199517589769,61.0,0.0,718.0,59.699096612796396,777
train_v2_course,start_total_in_credits,start_total_in_courses,356816,0.9645929235730472,0.9843827873634008,36071,36071,10.109131877494283,49.734357483969326,46.0,0.0,187.0,36.706092983894074,278
train_v2_course,start_total_in_credits,total_reg_credits,356816,0.8983499941304524,0.935257740926116,97756,97756,27.396753508811265,-17.932179330523294,-6.0,-360.0,103.0,32.87988331916411,568
train_v2_course,start_total_in_credits,total_reg_courses,356816,0.8663883224066741,0.9210471690285797,35643,35643,9.989182099457423,43.49284645307385,39.0,-115.0,192.0,35.76056372909309,398
train_v2_course,start_total_in_courses,total_reg_credits,356816,0.8670782768663265,0.9228877702300982,34287,34287,9.609154298013541,-67.66653681449263,-58.0,-433.0,24.0,55.440623953090906,712
train_v2_course,start_total_in_courses,total_reg_courses,356816,0.901001356090931,0.9380357714880732,100684,100684,28.21734451369894,-6.2415110308954755,-2.0,-115.0,35.0,11.702138315758413,135
train_v2_course,total_reg_credits,total_reg_courses,356816,0.9666973122777391,0.9843052232268082,34091,34091,9.554224025828438,61.42502578359715,55.0,0.0,367.0,47.4196492168212,576
train_v2_status,start_total_in_credits,start_total_in_courses,75076,0.9592664369415345,0.9839166330033933,6639,6639,8.843039053758858,53.000233097128245,47.0,0.0,187.0,40.420017715403056,278
train_v2_status,start_total_in_credits,total_reg_credits,75076,0.9001412428566221,0.9328824256327292,18136,18136,24.156854387553945,-20.380188076082902,-8.0,-360.0,103.0,34.97753016257224,568
train_v2_status,start_total_in_credits,total_reg_courses,75076,0.8555738592458616,0.9139801807059131,6579,6579,8.763120038361127,46.04642628802813,40.0,-115.0,192.0,39.38599491976585,398
train_v2_status,start_total_in_courses,total_reg_credits,75076,0.8652034784389063,0.9204847335467745,6223,6223,8.288933880334595,-73.38042117321115,-62.0,-433.0,24.0,60.30972271334592,712
train_v2_status,start_total_in_courses,total_reg_courses,75076,0.8963118074688364,0.9321993093304315,18735,18735,24.954712557941285,-6.9538068091001115,-3.0,-115.0,35.0,12.189924381926344,135
train_v2_status,total_reg_credits,total_reg_courses,75076,0.9618491754303415,0.9834757121756931,6186,6186,8.239650487505994,66.42661436411103,58.0,0.0,367.0,52.13625657679448,576
