dataset,source_temporal_diagnostic_year,field,rows,missing,missing_pct,unique,mean,median,min,max,std
raw,2025,start_total_in_credits,20363,0,0.0,358,83.02887590237195,74.0,0.0,252.0,63.0944555740106
raw,2025,start_total_in_courses,20363,0,0.0,82,28.501006727888818,26.0,0.0,81.0,20.807824485877635
raw,2025,total_reg_credits,20363,0,0.0,731,107.10536266758336,93.0,0.0,1025.5,88.27163490637372
raw,2025,total_reg_courses,20363,0,0.0,190,36.64283258851839,33.0,0.0,254.0,29.29107143482187
clean_v1,2025,start_total_in_credits,13322,0,0.0,349,80.11852574688486,72.0,0.0,252.0,63.40768325141353
clean_v1,2025,start_total_in_courses,13322,0,0.0,82,27.553670620027024,25.0,0.0,81.0,20.97201821582612
clean_v1,2025,total_reg_credits,13322,0,0.0,640,100.19205074313166,87.0,0.0,1001.5,86.4075827354906
clean_v1,2025,total_reg_courses,13322,0,0.0,180,34.28877045488665,30.0,0.0,244.0,28.554364076866612
clean_v2,2025,start_total_in_credits,20046,0,0.0,358,84.15796168811733,76.0,0.0,252.0,62.88045274730368
clean_v2,2025,start_total_in_courses,20046,0,0.0,82,28.886910106754463,26.0,0.0,81.0,20.720261592690964
clean_v2,2025,total_reg_credits,20046,0,0.0,731,108.36067045794672,95.0,0.0,1025.5,88.2140087634028
clean_v2,2025,total_reg_courses,20046,0,0.0,190,37.06794372942233,33.0,0.0,254.0,29.25778754852285
