cohort,dataset,identity,valid,mismatch,mismatch_pct,difference_mean,difference_min,difference_max
all_observed,raw,current_start_total_in_credits = previous_end_total_in,82173,4942,6.014140897861829,-0.23355603422048604,-24.5,32.0
all_observed,raw,current_total_reg_credits = previous_total_reg + previous_semester_reg,82173,7,0.00851861316977596,0.00045026955325958647,-72.0,32.0
all_observed,raw,current_total_pass_credits = previous_total_pass + previous_semester_pass,82173,6,0.007301668431236538,8.51861316977596e-05,-72.0,32.0
all_observed,raw,current_total_fail_credits = previous_total_fail + previous_semester_fail,82173,5,0.006084723692697115,2.4338894770788458e-05,-3.0,3.0
all_observed,raw,current_total_reg_credits = previous_total_reg + CURRENT_semester_reg_control,82173,72204,87.86827790150049,0.38310028841590305,-57.0,46.0
all_observed,raw,current_start_total_in_courses = previous_end_total_in,82173,4940,6.011707008384749,-0.07887018850474,-8.0,11.0
all_observed,raw,current_total_reg_courses = previous_total_reg + previous_semester_reg,82173,2159,2.627383690506614,-0.025993939615202074,-21.0,12.0
all_observed,raw,current_total_pass_courses = previous_total_pass + previous_semester_pass,82173,1594,1.93980991323184,-0.01927640465846446,-21.0,11.0
all_observed,raw,current_total_fail_courses = previous_total_fail + previous_semester_fail,82173,488,0.5938690324072383,-0.005853504192374624,-1.0,2.0
all_observed,raw,current_total_reg_courses = previous_total_reg + CURRENT_semester_reg_control,82173,66787,81.27608825283244,0.1720273082399328,-22.0,14.0
calendar_adjacent_1_2_3,raw,current_start_total_in_credits = previous_end_total_in,74185,4480,6.038956662398059,-0.23392869178405337,-24.5,16.0
calendar_adjacent_1_2_3,raw,current_total_reg_credits = previous_total_reg + previous_semester_reg,74185,1,0.0013479813978567096,-0.0009705466064568309,-72.0,0.0
calendar_adjacent_1_2_3,raw,current_total_pass_credits = previous_total_pass + previous_semester_pass,74185,1,0.0013479813978567096,-0.0009705466064568309,-72.0,0.0
calendar_adjacent_1_2_3,raw,current_total_fail_credits = previous_total_fail + previous_semester_fail,74185,2,0.0026959627957134193,-8.087888387140258e-05,-3.0,0.0
calendar_adjacent_1_2_3,raw,current_total_reg_credits = previous_total_reg + CURRENT_semester_reg_control,74185,66225,89.2700680730606,0.405681741591966,-57.0,46.0
calendar_adjacent_1_2_3,raw,current_start_total_in_courses = previous_end_total_in,74185,4479,6.037608681000202,-0.07923434656601738,-8.0,7.0
calendar_adjacent_1_2_3,raw,current_total_reg_courses = previous_total_reg + previous_semester_reg,74185,1794,2.418278627754937,-0.024479342185077847,-21.0,0.0
calendar_adjacent_1_2_3,raw,current_total_pass_courses = previous_total_pass + previous_semester_pass,74185,1313,1.7698995753858595,-0.017995551661387072,-21.0,0.0
calendar_adjacent_1_2_3,raw,current_total_fail_courses = previous_total_fail + previous_semester_fail,74185,421,0.5675001684976747,-0.005675001684976747,-1.0,0.0
calendar_adjacent_1_2_3,raw,current_total_reg_courses = previous_total_reg + CURRENT_semester_reg_control,74185,61805,83.31199029453393,0.14759048325133114,-22.0,11.0
all_observed,clean_v1,current_start_total_in_credits = previous_end_total_in,70781,4522,6.388720136759865,-0.24787725519560333,-24.5,32.0
all_observed,clean_v1,current_total_reg_credits = previous_total_reg + previous_semester_reg,70781,1515,2.140404910922423,0.23128381910399684,-72.0,106.0
all_observed,clean_v1,current_total_pass_credits = previous_total_pass + previous_semester_pass,70781,4,0.00565123408824402,-0.0002543055339709809,-72.0,32.0
all_observed,clean_v1,current_total_fail_credits = previous_total_fail + previous_semester_fail,70781,382,0.5396928554273039,0.02894138257441969,-3.0,33.0
all_observed,clean_v1,current_total_reg_credits = previous_total_reg + CURRENT_semester_reg_control,70781,62851,88.79642842005623,0.9158319322982156,-57.0,108.0
all_observed,clean_v1,current_start_total_in_courses = previous_end_total_in,70781,4520,6.385894519715743,-0.0836382645060115,-8.0,11.0
all_observed,clean_v1,current_total_reg_courses = previous_total_reg + previous_semester_reg,70781,3441,4.861474124411918,0.05764258770008901,-21.0,32.0
all_observed,clean_v1,current_total_pass_courses = previous_total_pass + previous_semester_pass,70781,1461,2.064113250731128,-0.020641132507311283,-21.0,11.0
all_observed,clean_v1,current_total_fail_courses = previous_total_fail + previous_semester_fail,70781,833,1.1768694988768174,0.003941735776550204,-1.0,11.0
all_observed,clean_v1,current_total_reg_courses = previous_total_reg + CURRENT_semester_reg_control,70781,57757,81.59958180867747,0.34885068026730337,-22.0,33.0
calendar_adjacent_1_2_3,clean_v1,current_start_total_in_credits = previous_end_total_in,64026,4029,6.292756067847437,-0.24221410052166306,-24.5,16.0
calendar_adjacent_1_2_3,clean_v1,current_total_reg_credits = previous_total_reg + previous_semester_reg,64026,1,0.0015618654921438165,-0.001124543154343548,-72.0,0.0
calendar_adjacent_1_2_3,clean_v1,current_total_pass_credits = previous_total_pass + previous_semester_pass,64026,1,0.0015618654921438165,-0.001124543154343548,-72.0,0.0
calendar_adjacent_1_2_3,clean_v1,current_total_fail_credits = previous_total_fail + previous_semester_fail,64026,2,0.003123730984287633,-9.371192952862899e-05,-3.0,0.0
calendar_adjacent_1_2_3,clean_v1,current_total_reg_credits = previous_total_reg + CURRENT_semester_reg_control,64026,57306,89.50426389279356,0.7813778777371693,-57.0,46.0
calendar_adjacent_1_2_3,clean_v1,current_start_total_in_courses = previous_end_total_in,64026,4028,6.291194202355293,-0.0818886077531003,-8.0,7.0
calendar_adjacent_1_2_3,clean_v1,current_total_reg_courses = previous_total_reg + previous_semester_reg,64026,1698,2.6520476056602007,-0.026864086464873645,-21.0,0.0
calendar_adjacent_1_2_3,clean_v1,current_total_pass_courses = previous_total_pass + previous_semester_pass,64026,1258,1.964826789116921,-0.01999187829944085,-21.0,0.0
calendar_adjacent_1_2_3,clean_v1,current_total_fail_courses = previous_total_fail + previous_semester_fail,64026,397,0.6200606003810951,-0.0062006060038109516,-1.0,0.0
calendar_adjacent_1_2_3,clean_v1,current_total_reg_courses = previous_total_reg + CURRENT_semester_reg_control,64026,53118,82.96317121169525,0.2539437103676631,-22.0,11.0
all_observed,clean_v2,current_start_total_in_credits = previous_end_total_in,76347,4547,5.955702254181565,-0.23080147222549674,-24.5,32.0
all_observed,clean_v2,current_total_reg_credits = previous_total_reg + previous_semester_reg,76347,4,0.005239236643221083,-0.00015717709929663248,-72.0,32.0
all_observed,clean_v2,current_total_pass_credits = previous_total_pass + previous_semester_pass,76347,4,0.005239236643221083,-0.00023576564894494873,-72.0,32.0
all_observed,clean_v2,current_total_fail_credits = previous_total_fail + previous_semester_fail,76347,3,0.003929427482415812,-3.929427482415812e-05,-3.0,3.0
all_observed,clean_v2,current_total_reg_credits = previous_total_reg + CURRENT_semester_reg_control,76347,67030,87.79650804877728,0.8312114424928287,-57.0,46.0
all_observed,clean_v2,current_start_total_in_courses = previous_end_total_in,76347,4545,5.953082635859955,-0.07789435079308944,-8.0,11.0
all_observed,clean_v2,current_total_reg_courses = previous_total_reg + previous_semester_reg,76347,2006,2.627477176575373,-0.026248575582537625,-21.0,11.0
all_observed,clean_v2,current_total_pass_courses = previous_total_pass + previous_semester_pass,76347,1471,1.926729275544553,-0.01926729275544553,-21.0,11.0
all_observed,clean_v2,current_total_fail_courses = previous_total_fail + previous_semester_fail,76347,464,0.6077514506136455,-0.00605131832292035,-1.0,1.0
all_observed,clean_v2,current_total_reg_courses = previous_total_reg + CURRENT_semester_reg_control,76347,61828,80.98288079426827,0.31571640012050245,-22.0,14.0
calendar_adjacent_1_2_3,clean_v2,current_start_total_in_credits = previous_end_total_in,70054,4158,5.935421246467011,-0.22864504525080653,-24.5,16.0
calendar_adjacent_1_2_3,clean_v2,current_total_reg_credits = previous_total_reg + previous_semester_reg,70054,1,0.0014274702372455534,-0.0010277785708167984,-72.0,0.0
calendar_adjacent_1_2_3,clean_v2,current_total_pass_credits = previous_total_pass + previous_semester_pass,70054,1,0.0014274702372455534,-0.0010277785708167984,-72.0,0.0
calendar_adjacent_1_2_3,clean_v2,current_total_fail_credits = previous_total_fail + previous_semester_fail,70054,2,0.002854940474491107,-8.56482142347332e-05,-3.0,0.0
calendar_adjacent_1_2_3,clean_v2,current_total_reg_credits = previous_total_reg + CURRENT_semester_reg_control,70054,62302,88.93425072087247,0.8811702401004939,-57.0,46.0
calendar_adjacent_1_2_3,clean_v2,current_start_total_in_courses = previous_end_total_in,70054,4157,5.933993776229766,-0.07736888685870899,-8.0,7.0
calendar_adjacent_1_2_3,clean_v2,current_total_reg_courses = previous_total_reg + previous_semester_reg,70054,1753,2.502355325891455,-0.025337596711108572,-21.0,0.0
calendar_adjacent_1_2_3,clean_v2,current_total_pass_courses = previous_total_pass + previous_semester_pass,70054,1282,1.8300168441487994,-0.018614211893682016,-21.0,0.0
calendar_adjacent_1_2_3,clean_v2,current_total_fail_courses = previous_total_fail + previous_semester_fail,70054,413,0.5895452079824136,-0.005895452079824136,-1.0,0.0
calendar_adjacent_1_2_3,clean_v2,current_total_reg_courses = previous_total_reg + CURRENT_semester_reg_control,70054,57948,82.71904530790533,0.304807719759043,-22.0,11.0
