dataset,field,rows,missing,missing_pct,unique,mean,median,min,max,std
raw,start_total_in_credits,92741,11,0.011860989206499821,394,79.28487005284158,70.0,0.0,253.0,62.09669139316055
raw,start_total_in_courses,92741,11,0.011860989206499821,82,27.80638412595708,25.0,0.0,81.0,21.021379358978262
raw,total_reg_credits,92741,11,0.011860989206499821,1003,105.79414428987383,90.0,0.0,996.0,88.13890597420121
raw,total_reg_courses,92741,11,0.011860989206499821,235,36.881138790035585,32.0,0.0,278.0,29.74274699921006
clean_v1,start_total_in_credits,82300,0,0.0,392,83.32099635479952,76.0,0.0,251.0,60.34070182474062
clean_v1,start_total_in_courses,82300,0,0.0,82,29.289866342648846,27.0,0.0,81.0,20.525650091406742
clean_v1,total_reg_credits,82300,0,0.0,980,109.23110571081409,96.0,0.0,996.0,85.66422818561048
clean_v1,total_reg_courses,82300,0,0.0,228,38.12760631834751,34.0,0.0,278.0,28.91147752763308
clean_v2,start_total_in_credits,87892,0,0.0,393,83.28349565375689,75.0,0.0,253.0,61.18247389106746
clean_v2,start_total_in_courses,87892,0,0.0,82,29.201656578528194,27.0,0.0,81.0,20.65028923233183
clean_v2,total_reg_credits,87892,0,0.0,1003,110.76989942201793,96.0,0.0,996.0,87.32395778394819
clean_v2,total_reg_courses,87892,0,0.0,235,38.59790424612024,34.0,0.0,278.0,29.38813647344265
train_v2_course,start_total_in_credits,356816,0,0.0,379,77.93552839558764,73.0,0.0,250.0,55.822824585163524
train_v2_course,start_total_in_courses,356816,0,0.0,82,28.201170911618313,26.0,0.0,81.0,20.222296600462432
train_v2_course,total_reg_credits,356816,0,0.0,760,95.86770772611094,86.0,0.0,495.0,72.05195962982002
train_v2_course,total_reg_courses,356816,0,0.0,163,34.44268194251379,31.0,0.0,169.0,25.964908358068097
train_v2_status,start_total_in_credits,75076,0,0.0,379,81.81584660876977,74.0,0.0,250.0,59.55761988537473
train_v2_status,start_total_in_courses,75076,0,0.0,82,28.815613511641537,27.0,0.0,81.0,20.379885527249286
train_v2_status,total_reg_credits,75076,0,0.0,760,102.19603468485268,90.0,0.0,495.0,77.07041870061639
train_v2_status,total_reg_courses,75076,0,0.0,163,35.769420320741645,32.0,0.0,169.0,26.4476868364066
