dataset,feature,target,valid,pearson,spearman
train_v2_course,start_total_in_credits,points,356816,0.07077879674897078,0.044132003668616956
train_v2_course,start_total_in_credits,final_mark,356816,0.06102838767634162,0.04419340669449378
train_v2_course,start_total_in_credits,is_fail,356816,-0.08924500176919992,-0.09257007624392037
train_v2_course,start_total_in_courses,points,356816,0.06646799797609611,0.03994887316644309
train_v2_course,start_total_in_courses,final_mark,356816,0.05597814297034123,0.04004297529088614
train_v2_course,start_total_in_courses,is_fail,356816,-0.09055731106180256,-0.0926365624681734
train_v2_course,total_reg_credits,points,356816,-0.06552435440699614,-0.07323240574077035
train_v2_course,total_reg_credits,final_mark,356816,-0.07711132310427213,-0.07369672821234667
train_v2_course,total_reg_credits,is_fail,356816,0.00023940973047407885,-0.017520942767540022
train_v2_course,total_reg_courses,points,356816,-0.06728392790958912,-0.0739202254471592
train_v2_course,total_reg_courses,final_mark,356816,-0.07969816250677135,-0.07436623098751685
train_v2_course,total_reg_courses,is_fail,356816,-0.0021627924566992064,-0.019225613103952068
train_v2_status,start_total_in_credits,points,75076,0.1251327701298532,0.10636051676097623
train_v2_status,start_total_in_credits,final_mark,75076,0.11456820641324209,0.09935530123281991
train_v2_status,start_total_in_credits,is_fail,75076,-0.1403032941233902,-0.15605671390988382
train_v2_status,start_total_in_courses,points,75076,0.11535851811673346,0.09852583288877664
train_v2_status,start_total_in_courses,final_mark,75076,0.10353247144622721,0.09137945196043051
train_v2_status,start_total_in_courses,is_fail,75076,-0.14329196101943784,-0.15232027827293354
train_v2_status,total_reg_credits,points,75076,-0.05746580290849647,-0.05617940061362893
train_v2_status,total_reg_credits,final_mark,75076,-0.06327150359197563,-0.06370506297990217
train_v2_status,total_reg_credits,is_fail,75076,-0.004966356343588641,-0.029505469523468643
train_v2_status,total_reg_courses,points,75076,-0.0690373361231315,-0.06328367426146853
train_v2_status,total_reg_courses,final_mark,75076,-0.07626965087323237,-0.07085938393358493
train_v2_status,total_reg_courses,is_fail,75076,-0.004415256971567601,-0.025850468104168425
