field,common_rows,mismatch,both_missing,v1_missing_only,v2_missing_only
start_total_in_courses,82300,0,0,0,0
start_total_in_credits,82300,0,0,0,0
end_total_in_courses,82300,0,0,0,0
end_total_in_credits,82300,0,0,0,0
semester_reg_courses,82300,0,0,0,0
semester_reg_credits,82300,0,0,0,0
semester_pass_courses,82300,0,0,0,0
semester_pass_credits,82300,0,0,0,0
semester_fail_courses,82300,0,0,0,0
semester_fail_credits,82300,0,0,0,0
total_semesters,82300,0,0,0,0
total_reg_courses,82300,0,0,0,0
total_reg_credits,82300,0,0,0,0
total_pass_courses,82300,0,0,0,0
total_pass_credits,82300,0,0,0,0
total_fail_courses,82300,0,0,0,0
total_fail_credits,82300,0,0,0,0
reg_total_semesters,82300,0,0,0,0
